replanning_index,original_task,generated_text,actual_action_prompt,eos_seen,hit_16_token_limit,plan_id
1,pick up the black bowl between the plate and the ramekin and place it on the plate,pick up small plate,pick up small plate,True,False,afa8c2aaf7564719b24cee6e43b62fe9
2,pick up the black bowl between the plate and the ramekin and place it on the plate,pick up the black bowl,pick up the black bowl,True,False,daf5363bc51c4b3a9ad2b74af9a23acd
3,pick up the black bowl between the plate and the ramekin and place it on the plate,pick up black bowl,pick up black bowl,True,False,4c8ddd4d4b2e4f469acc92d6a8a05c6e
4,pick up the black bowl between the plate and the ramekin and place it on the plate,pick up the black bowl,pick up the black bowl,True,False,603a675ae8034f96a6bde39757e98585
5,pick up the black bowl between the plate and the ramekin and place it on the plate,pick up black bowl,pick up black bowl,True,False,fc8a98bf035f4ea08655501f86bd16c6
6,pick up the black bowl between the plate and the ramekin and place it on the plate,pick up black bowl,pick up black bowl,True,False,6bc1910179dc4f6e8ef5b9631dff9bd3
7,pick up the black bowl between the plate and the ramekin and place it on the plate,pick up black bowl,pick up black bowl,True,False,e2f8121e992d4e2cbbe6f8eae22fb861
8,pick up the black bowl between the plate and the ramekin and place it on the plate,pick up black bowl,pick up black bowl,True,False,493760752bf24042bfec1481989238ed
9,pick up the black bowl between the plate and the ramekin and place it on the plate,pick up black bowl,pick up black bowl,True,False,b3752f938cb0435fa4a220132a1d64e3
10,pick up the black bowl between the plate and the ramekin and place it on the plate,pick up black bowl,pick up black bowl,True,False,5b96803fc24e47f0966caa621a79e79c
11,pick up the black bowl between the plate and the ramekin and place it on the plate,pick up black bowl,pick up black bowl,True,False,4b2406353bc14b5e93bebaebcddb4979
12,pick up the black bowl between the plate and the ramekin and place it on the plate,pick up black bowl,pick up black bowl,True,False,b128e32cd9ff47319bba80135d833a20
13,pick up the black bowl between the plate and the ramekin and place it on the plate,pick up black bowl,pick up black bowl,True,False,14948c5fe4b241d1a1c087dbcc318218
14,pick up the black bowl between the plate and the ramekin and place it on the plate,pick up black bowl,pick up black bowl,True,False,1960c06dfaee47edbeba6789c7db9024
15,pick up the black bowl between the plate and the ramekin and place it on the plate,pick up bowl,pick up bowl,True,False,337817c99d02429a9ab64979cd502905
16,pick up the black bowl between the plate and the ramekin and place it on the plate,pick up black bowl,pick up black bowl,True,False,6c81283e9d874defbc83b23aac664bbb
17,pick up the black bowl between the plate and the ramekin and place it on the plate,pick up the black bowl,pick up the black bowl,True,False,e77de232b6eb404aa0071d105c2b78e9
18,pick up the black bowl between the plate and the ramekin and place it on the plate,pick up black bowl,pick up black bowl,True,False,1bfec4dfedaa491d99f34ea9aaecbf31
19,pick up the black bowl between the plate and the ramekin and place it on the plate,pick up the black bowl,pick up the black bowl,True,False,5b4191a74cc84ecf988d96cf7ebbbf7c
20,pick up the black bowl between the plate and the ramekin and place it on the plate,pick up black bowl,pick up black bowl,True,False,a42363a5cc434e099617e53e3d3dd800
21,pick up the black bowl between the plate and the ramekin and place it on the plate,pick up black bowl,pick up black bowl,True,False,3a2c308c8bbd4be399d9d1978a85b31f
22,pick up the black bowl between the plate and the ramekin and place it on the plate,pick up black bowl,pick up black bowl,True,False,1fb4a58c535549199cb2ffa080f1973f
23,pick up the black bowl between the plate and the ramekin and place it on the plate,pick up the black bowl,pick up the black bowl,True,False,cb1879d5d7b44a44a7a7999a60ae1288
24,pick up the black bowl between the plate and the ramekin and place it on the plate,pick up the black bowl,pick up the black bowl,True,False,9afe78bcfd434397bf97153710ef7144
25,pick up the black bowl between the plate and the ramekin and place it on the plate,pick up the black bowl,pick up the black bowl,True,False,790bb6114e154a9ca771346585837288
26,pick up the black bowl between the plate and the ramekin and place it on the plate,pick up the black bowl,pick up the black bowl,True,False,89004bb5cc794eada5e382ef810bbbe8
27,pick up the black bowl between the plate and the ramekin and place it on the plate,pick up black bowl,pick up black bowl,True,False,1864b32d58da43e1904365083da58e58
28,pick up the black bowl between the plate and the ramekin and place it on the plate,pick up black bowl,pick up black bowl,True,False,2db06f916d4d4e39bb81857304071bb4
29,pick up the black bowl between the plate and the ramekin and place it on the plate,pick up bowl,pick up bowl,True,False,004af468f42a4dc39061ad4da24ebbd4
30,pick up the black bowl between the plate and the ramekin and place it on the plate,pick up the black bowl,pick up the black bowl,True,False,4ae7aaa1baa54ccea3951740ae5bd615
31,pick up the black bowl between the plate and the ramekin and place it on the plate,pick up black bowl,pick up black bowl,True,False,d8838eae480e4e33b47eb0dece0332d9
32,pick up the black bowl between the plate and the ramekin and place it on the plate,pick up bowl,pick up bowl,True,False,048f595cfae743cdb4f4847fb9b5dfd1
33,pick up the black bowl between the plate and the ramekin and place it on the plate,pick up bowl,pick up bowl,True,False,c175e720734d4864bf73b215d77054c5
34,pick up the black bowl between the plate and the ramekin and place it on the plate,pick up bowl,pick up bowl,True,False,23e4e3eb56be497dbd23afd2bdf0ada8
35,pick up the black bowl between the plate and the ramekin and place it on the plate,pick up bowl,pick up bowl,True,False,f52ee62e7672464d98210e2370bd3678
36,pick up the black bowl between the plate and the ramekin and place it on the plate,pick up bowl,pick up bowl,True,False,3face60ff4f740afb80d0722f58a7ea7
37,pick up the black bowl between the plate and the ramekin and place it on the plate,pick up bowl,pick up bowl,True,False,287c1640e0284c21935639aaedeeb53d
38,pick up the black bowl between the plate and the ramekin and place it on the plate,pick up bowl,pick up bowl,True,False,b1847d610270466382b737b486bc3202
39,pick up the black bowl between the plate and the ramekin and place it on the plate,pick up the black bowl,pick up the black bowl,True,False,48e24371a8954d65a4bf7329cf0fa2a9
40,pick up the black bowl between the plate and the ramekin and place it on the plate,pick up the black bowl,pick up the black bowl,True,False,2d49d75198ad4a748870898d9653704d
41,pick up the black bowl between the plate and the ramekin and place it on the plate,pick up bowl,pick up bowl,True,False,405ae8e366f34e1a81f17588c8c453ec
42,pick up the black bowl between the plate and the ramekin and place it on the plate,pick up black bowl,pick up black bowl,True,False,8c569a84a7b446c2abdfd350ffa02557
43,pick up the black bowl between the plate and the ramekin and place it on the plate,pick up the black bowl,pick up the black bowl,True,False,c75919bfeef24fa0909a2ad03935c438
44,pick up the black bowl between the plate and the ramekin and place it on the plate,pick up black bowl,pick up black bowl,True,False,2737fa498afb4dbf824a949f6d7d17b2
45,pick up the black bowl between the plate and the ramekin and place it on the plate,pick up black bowl,pick up black bowl,True,False,fbdfd2f208d14d53b42f268eaf534fc5
46,pick up the black bowl between the plate and the ramekin and place it on the plate,pick up black bowl,pick up black bowl,True,False,0edf3abecc2d4de088f006fdf410893a
47,pick up the black bowl between the plate and the ramekin and place it on the plate,pick up black bowl,pick up black bowl,True,False,fcd9a8e204a848b788394d6b1d0c8820
48,pick up the black bowl between the plate and the ramekin and place it on the plate,pick up black bowl,pick up black bowl,True,False,d1b55f051f544d3988cffaf8846ebc80
49,pick up the black bowl between the plate and the ramekin and place it on the plate,pick up black bowl,pick up black bowl,True,False,5f5a7dbf381344808636c018ae70fa11
50,pick up the black bowl between the plate and the ramekin and place it on the plate,pick up bowl,pick up bowl,True,False,8f1d3712e4ce4ae2b3342fb0b4d0c776
51,pick up the black bowl between the plate and the ramekin and place it on the plate,pick up black bowl,pick up black bowl,True,False,3644cfbbe8dc4f538f0a73b57e9ed6bf
52,pick up the black bowl between the plate and the ramekin and place it on the plate,pick up black bowl,pick up black bowl,True,False,5532a0969bbe43d0b5f66bb8132d588e
53,pick up the black bowl between the plate and the ramekin and place it on the plate,pick up the black bowl,pick up the black bowl,True,False,3809e242865d439cafb47dd6e6d54bdb
54,pick up the black bowl between the plate and the ramekin and place it on the plate,pick up the black bowl,pick up the black bowl,True,False,b23aea0d53194cf39047aa97a6eb5d95
55,pick up the black bowl between the plate and the ramekin and place it on the plate,pick up the black bowl,pick up the black bowl,True,False,14e1f2512b1f4c9a85074955ce546e1d
56,pick up the black bowl between the plate and the ramekin and place it on the plate,pick up the black bowl,pick up the black bowl,True,False,be6ed3b0060f4f5695f4ce25c1d64cab
57,pick up the black bowl between the plate and the ramekin and place it on the plate,pick up the black bowl,pick up the black bowl,True,False,0001137e232a4c23b39eb55366470b6a
58,pick up the black bowl between the plate and the ramekin and place it on the plate,pick up the black bowl,pick up the black bowl,True,False,746ed4ca64db4feaa69016bf18cea884
59,pick up the black bowl between the plate and the ramekin and place it on the plate,pick up black bowl,pick up black bowl,True,False,d7b37d42ce3e449c9fc7cf1d669fee19
60,pick up the black bowl between the plate and the ramekin and place it on the plate,pick up black bowl,pick up black bowl,True,False,b090dfbeecfe4b9db69dc38744d4e7a2
61,pick up the black bowl between the plate and the ramekin and place it on the plate,pick up black bowl,pick up black bowl,True,False,79d2eb42278e408d9de9c1a31640819a
62,pick up the black bowl between the plate and the ramekin and place it on the plate,pick up the black bowl,pick up the black bowl,True,False,ca4e9727ed2a4e48bf8c6b9b08ef6969
63,pick up the black bowl between the plate and the ramekin and place it on the plate,pick up the black bowl,pick up the black bowl,True,False,1cb0a0d14ec0413e8ff5528f0e78da4d
64,pick up the black bowl between the plate and the ramekin and place it on the plate,pick up the black bowl,pick up the black bowl,True,False,4b9a56cf9a29440eb2e530d3e00e5442
65,pick up the black bowl between the plate and the ramekin and place it on the plate,pick up the black bowl,pick up the black bowl,True,False,4474073767424918ba52c75213f8377c
66,pick up the black bowl between the plate and the ramekin and place it on the plate,pick up the black bowl,pick up the black bowl,True,False,2de0cc18d073459a86f3231ed285e134
67,pick up the black bowl between the plate and the ramekin and place it on the plate,pick up the black bowl,pick up the black bowl,True,False,202363f73fdc4d119a65f18b8983649a
68,pick up the black bowl between the plate and the ramekin and place it on the plate,pick up the black bowl,pick up the black bowl,True,False,faf6d7eb0a5d44d183e505aeb1a2d258
69,pick up the black bowl between the plate and the ramekin and place it on the plate,pick up the black bowl,pick up the black bowl,True,False,78bf5ff15991420ea5e19177f3dbd811
70,pick up the black bowl between the plate and the ramekin and place it on the plate,pick up black bowl,pick up black bowl,True,False,fde21d234852497a978768b0afd46c75
71,pick up the black bowl between the plate and the ramekin and place it on the plate,pick up the black bowl,pick up the black bowl,True,False,5aa08d58ec1c4bfe8f84dde53587f518
72,pick up the black bowl between the plate and the ramekin and place it on the plate,pick up the black bowl,pick up the black bowl,True,False,09f332da3d8f486ca816cc9db341a614
73,pick up the black bowl between the plate and the ramekin and place it on the plate,pick up the black bowl,pick up the black bowl,True,False,dfc1cab6a0374f4989d398391223c207
74,pick up the black bowl between the plate and the ramekin and place it on the plate,pick up the black bowl,pick up the black bowl,True,False,af8a8d8fcb3e4209990c8bbd2588b792
75,pick up the black bowl between the plate and the ramekin and place it on the plate,pick up the black bowl,pick up the black bowl,True,False,9cd673f3f8174f52abe347289feafc01
76,pick up the black bowl between the plate and the ramekin and place it on the plate,pick up the black bowl,pick up the black bowl,True,False,8e55ea46e871468a9cec0b9c7683a170
77,pick up the black bowl between the plate and the ramekin and place it on the plate,pick up the black bowl,pick up the black bowl,True,False,c69ee9981062449b93875d6dd6808ab6
78,pick up the black bowl between the plate and the ramekin and place it on the plate,pick up the black bowl,pick up the black bowl,True,False,27e5af69e80b472ba907c59bcdc4cea8
79,pick up the black bowl between the plate and the ramekin and place it on the plate,pick up the black bowl,pick up the black bowl,True,False,1c5f95df66474a13840363a410c1669c
80,pick up the black bowl between the plate and the ramekin and place it on the plate,pick up the black bowl,pick up the black bowl,True,False,a28436014d5b4097b85e8b6228a45551
81,pick up the black bowl between the plate and the ramekin and place it on the plate,pick up bowl,pick up bowl,True,False,c77d9bc95c6844d89e311e54e82dde43
82,pick up the black bowl between the plate and the ramekin and place it on the plate,pick up the black bowl,pick up the black bowl,True,False,adc15927d1634bd49cb2830117b19777
83,pick up the black bowl between the plate and the ramekin and place it on the plate,pick up the black bowl,pick up the black bowl,True,False,deacb4c173e04494b13d1db45c375c55
84,pick up the black bowl between the plate and the ramekin and place it on the plate,pick up the black bowl,pick up the black bowl,True,False,a4d470fef94f49f396e068f112b45e13
85,pick up the black bowl between the plate and the ramekin and place it on the plate,pick up bowl,pick up bowl,True,False,e0c3a2d6a0a4480ab6871dc6cf1b3abf
86,pick up the black bowl between the plate and the ramekin and place it on the plate,move the black bowl,move the black bowl,True,False,83239b41ecfd4ce29dc52f6539cbce68
87,pick up the black bowl between the plate and the ramekin and place it on the plate,pick up bowl,pick up bowl,True,False,da1735b57a8d4b2987c351dee993e30e
88,pick up the black bowl between the plate and the ramekin and place it on the plate,pick up black bowl,pick up black bowl,True,False,e20ce72a414947708cf697ad2d8c588f
89,pick up the black bowl between the plate and the ramekin and place it on the plate,pick up the black bowl,pick up the black bowl,True,False,db84b5692d594baca1cc3ee3eedd2fd4
90,pick up the black bowl between the plate and the ramekin and place it on the plate,pick up the black bowl,pick up the black bowl,True,False,e4c9c20d9ad9487e808786a976405fe8
91,pick up the black bowl between the plate and the ramekin and place it on the plate,pick up the black bowl,pick up the black bowl,True,False,3cae207d2fc8432488916c334037be5b
92,pick up the black bowl between the plate and the ramekin and place it on the plate,pick up black bowl,pick up black bowl,True,False,fbc8378617d1423abea682c844409ce6
93,pick up the black bowl between the plate and the ramekin and place it on the plate,pick up black bowl,pick up black bowl,True,False,83b8ddc70f3d4c2691e170909b4c2792
94,pick up the black bowl between the plate and the ramekin and place it on the plate,pick up the black bowl,pick up the black bowl,True,False,af27d9a089494e61beefa9fc86816168
95,pick up the black bowl between the plate and the ramekin and place it on the plate,pick up black bowl,pick up black bowl,True,False,4b39eb7655b3431c8b771d7880ab89c8
96,pick up the black bowl between the plate and the ramekin and place it on the plate,pick up bowl,pick up bowl,True,False,4ae11753cf394d4c8ff6cb260c23788f
97,pick up the black bowl between the plate and the ramekin and place it on the plate,pick up black bowl,pick up black bowl,True,False,71d570a36c4b450dbe0280cf9e5b18fa
98,pick up the black bowl between the plate and the ramekin and place it on the plate,pick up the black bowl,pick up the black bowl,True,False,adb0907c87754e9a9905b647804c2408
99,pick up the black bowl between the plate and the ramekin and place it on the plate,pick up the black bowl,pick up the black bowl,True,False,dfc95a61c99345b9913dd258e140e114
100,pick up the black bowl between the plate and the ramekin and place it on the plate,pick up the black bowl,pick up the black bowl,True,False,11a0091444da4109b6e94313bf5c8de0
101,pick up the black bowl between the plate and the ramekin and place it on the plate,pick up the black bowl,pick up the black bowl,True,False,a584e490815e4936bdf54dbf555865e1
102,pick up the black bowl between the plate and the ramekin and place it on the plate,pick up the black bowl,pick up the black bowl,True,False,ba87c8a4b4834ff597618f7df34a6f17
103,pick up the black bowl between the plate and the ramekin and place it on the plate,pick up bowl,pick up bowl,True,False,58aec6e8e4e944aaae1e8931b20ca4de
104,pick up the black bowl between the plate and the ramekin and place it on the plate,pick up the black bowl,pick up the black bowl,True,False,0051e885e51648f3a6c6d7f114762379
105,pick up the black bowl between the plate and the ramekin and place it on the plate,pick up the black bowl,pick up the black bowl,True,False,03076eb65f86408682e4f6655a33d589
106,pick up the black bowl between the plate and the ramekin and place it on the plate,pick up the black bowl,pick up the black bowl,True,False,45c6624a913843a7a8f196e91ce758af
107,pick up the black bowl between the plate and the ramekin and place it on the plate,pick up the black bowl,pick up the black bowl,True,False,2d3a37c7722748b590986a913f0bc08f
108,pick up the black bowl between the plate and the ramekin and place it on the plate,pick up the black bowl,pick up the black bowl,True,False,ad037cb38b04464186c1b19af4bed638
109,pick up the black bowl between the plate and the ramekin and place it on the plate,pick up black bowl,pick up black bowl,True,False,8660049b7e4b4f9da3d4d7153d54aac9
110,pick up the black bowl between the plate and the ramekin and place it on the plate,pick up the black bowl,pick up the black bowl,True,False,235d11285fda45abb8ef816fd8186edb
111,pick up the black bowl between the plate and the ramekin and place it on the plate,pick up the black bowl,pick up the black bowl,True,False,ac061d75ea9d46c18a55140c6ab446e8
112,pick up the black bowl between the plate and the ramekin and place it on the plate,pick up the black bowl,pick up the black bowl,True,False,01a816dd18244aa0895ccecc51d35a11
113,pick up the black bowl between the plate and the ramekin and place it on the plate,pick up the black bowl,pick up the black bowl,True,False,a8e94d16541e4eb39a65339092af86fb
114,pick up the black bowl between the plate and the ramekin and place it on the plate,pick up the black bowl,pick up the black bowl,True,False,b831a3e5bff644388e3b7d8dc51a07b9
115,pick up the black bowl between the plate and the ramekin and place it on the plate,pick up the black bowl,pick up the black bowl,True,False,e2c38cca00d44eb49245edcbdc31a684
116,pick up the black bowl between the plate and the ramekin and place it on the plate,pick up the black bowl,pick up the black bowl,True,False,2d48faae8fe749c4aa3b351aa4127d2d
117,pick up the black bowl between the plate and the ramekin and place it on the plate,pick up the black bowl,pick up the black bowl,True,False,2054a641b16a4048a6ba4b5ffb33c32d
118,pick up the black bowl between the plate and the ramekin and place it on the plate,pick up the black bowl,pick up the black bowl,True,False,37e3c03cbcb04674862d2fb32316f3cf
119,pick up the black bowl between the plate and the ramekin and place it on the plate,pick up the black bowl,pick up the black bowl,True,False,e37530a353224eb99a674ddacbe5bea2
120,pick up the black bowl between the plate and the ramekin and place it on the plate,pick up the black bowl,pick up the black bowl,True,False,278ede30baa6492ca9be53757c3b996c
121,pick up the black bowl between the plate and the ramekin and place it on the plate,pick up the black bowl,pick up the black bowl,True,False,018bf6d1d9a94054ad0c31218650f823
122,pick up the black bowl between the plate and the ramekin and place it on the plate,pick up the black bowl,pick up the black bowl,True,False,51bb11a3b0a74701b50818bde3a3cbeb
123,pick up the black bowl between the plate and the ramekin and place it on the plate,pick up the black bowl,pick up the black bowl,True,False,f3e398fd318c43f88c4877bdd5f9638a
124,pick up the black bowl between the plate and the ramekin and place it on the plate,pick up the black bowl,pick up the black bowl,True,False,40618f5d5365490798a47cdf3c99a06c
125,pick up the black bowl between the plate and the ramekin and place it on the plate,pick up the black bowl,pick up the black bowl,True,False,8f84083b18f94a5aa295e198e684c4c3
126,pick up the black bowl between the plate and the ramekin and place it on the plate,pick up the black bowl,pick up the black bowl,True,False,234b99bcf6a84cc6af51144d5f573ab4
127,pick up the black bowl between the plate and the ramekin and place it on the plate,pick up the black bowl,pick up the black bowl,True,False,cad2259672a64e28b15c2e4cc0e5e689
128,pick up the black bowl between the plate and the ramekin and place it on the plate,pick up the black bowl,pick up the black bowl,True,False,927890b062994b6c844c3d52c8b4ee64
129,pick up the black bowl between the plate and the ramekin and place it on the plate,pick up bowl,pick up bowl,True,False,034a951a6f9f485d96a1d1486ede91bd
130,pick up the black bowl between the plate and the ramekin and place it on the plate,pick up bowl,pick up bowl,True,False,35e6bcc3a997431fa6145c81985d7618
131,pick up the black bowl between the plate and the ramekin and place it on the plate,pick up the black bowl,pick up the black bowl,True,False,8196228edf86427b9d2e55cda52ba895
132,pick up the black bowl between the plate and the ramekin and place it on the plate,pick up bowl,pick up bowl,True,False,3cfe4e63c6ce45f9b1ae11038441892c
133,pick up the black bowl next to the ramekin and place it on the plate,pick up large plate,pick up large plate,True,False,ed1bd3d9ffee4746b440b074e3d6dea3
134,pick up the black bowl next to the ramekin and place it on the plate,pick up large plate,pick up large plate,True,False,cde5b22e485243579452c40973f59ff8
135,pick up the black bowl next to the ramekin and place it on the plate,pick up the black bowl,pick up the black bowl,True,False,bed57cc5f471466fa788a39ca8a1b90c
136,pick up the black bowl next to the ramekin and place it on the plate,pick up large plate,pick up large plate,True,False,81fc18423c704ac6b3d3c5bd38dc7d0f
137,pick up the black bowl next to the ramekin and place it on the plate,pick up large plate,pick up large plate,True,False,f6e2922f95d04cb0b6b979b05721e689
138,pick up the black bowl next to the ramekin and place it on the plate,pick up bowl,pick up bowl,True,False,e5c4c00a954a46548f015c95e655cd16
139,pick up the black bowl next to the ramekin and place it on the plate,pick up black bowl,pick up black bowl,True,False,c4e50201b0034df0930f3d37845a8a7f
140,pick up the black bowl next to the ramekin and place it on the plate,pick up large plate,pick up large plate,True,False,e788ec11d25046c0862b263807801916
141,pick up the black bowl next to the ramekin and place it on the plate,pick up large plate,pick up large plate,True,False,19c71824d1b84704817fa2a32bfa9605
142,pick up the black bowl next to the ramekin and place it on the plate,pick up black bowl,pick up black bowl,True,False,63a53875633f4558abb42788e5949243
143,pick up the black bowl next to the ramekin and place it on the plate,pick up small plate,pick up small plate,True,False,915fd2da8c0046bc8b0a7903781caa59
144,pick up the black bowl next to the ramekin and place it on the plate,pick up black bowl,pick up black bowl,True,False,c828f59171114ab2a78b31c506011623
145,pick up the black bowl next to the ramekin and place it on the plate,pick up black bowl,pick up black bowl,True,False,ced66429587945299a2ae6f7dbaba336
146,pick up the black bowl next to the ramekin and place it on the plate,pick up black bowl,pick up black bowl,True,False,76a1729443d54670bf2704fe0ddde573
147,pick up the black bowl next to the ramekin and place it on the plate,pick up black bowl,pick up black bowl,True,False,a4e9ea145bf84008acf1a79edd1050e2
148,pick up the black bowl next to the ramekin and place it on the plate,pick up the black bowl,pick up the black bowl,True,False,eff68ef2abaa41908e673d3da0bdb770
149,pick up the black bowl next to the ramekin and place it on the plate,pick up the black bowl,pick up the black bowl,True,False,8e7748dba1de4c3f807f8cdae8e0213f
150,pick up the black bowl next to the ramekin and place it on the plate,pick up the black bowl,pick up the black bowl,True,False,242d2d10b2584bdcb890aaabfe12212c
151,pick up the black bowl next to the ramekin and place it on the plate,pick up the black bowl,pick up the black bowl,True,False,b5ad5a17786349cd9306166fdb5a5671
152,pick up the black bowl next to the ramekin and place it on the plate,pick up bowl,pick up bowl,True,False,865a98dd8ab04e90bcdd30ee57e2b651
153,pick up the black bowl next to the ramekin and place it on the plate,pick up the black bowl,pick up the black bowl,True,False,74c4cecb6d5c4c9aa0fd0f08b122e292
154,pick up the black bowl next to the ramekin and place it on the plate,pick up the black bowl,pick up the black bowl,True,False,593384aa9563448cb62e14574d6d6cff
155,pick up the black bowl next to the ramekin and place it on the plate,pick up the black bowl,pick up the black bowl,True,False,6c2f44b26136471e988db5d42911d666
156,pick up the black bowl next to the ramekin and place it on the plate,pick up the black bowl,pick up the black bowl,True,False,b214e4d400674e00bce314adb20a20bb
157,pick up the black bowl next to the ramekin and place it on the plate,pick up the black bowl,pick up the black bowl,True,False,a9bf8e240d6440a2af4c8a9187c9e596
158,pick up the black bowl next to the ramekin and place it on the plate,pick up the black bowl,pick up the black bowl,True,False,83c50740143b4a57b152ade2923a57a8
159,pick up the black bowl next to the ramekin and place it on the plate,pick up the black bowl,pick up the black bowl,True,False,e3602da0c4a34a05a38636b8659a1229
160,pick up the black bowl next to the ramekin and place it on the plate,pick up the black bowl,pick up the black bowl,True,False,7468315476f94fab8f463df2f33f78ea
161,pick up the black bowl next to the ramekin and place it on the plate,pick up the black bowl,pick up the black bowl,True,False,7edd2ff766cd49f2a801a12ed3ff418f
162,pick up the black bowl next to the ramekin and place it on the plate,pick up the black bowl,pick up the black bowl,True,False,b55568b1995943f4a04ba93528fc9a14
163,pick up the black bowl next to the ramekin and place it on the plate,pick up the black bowl,pick up the black bowl,True,False,351ae4eeb1d74726bd3f8d8407acbc6b
164,pick up the black bowl next to the ramekin and place it on the plate,pick up the black bowl,pick up the black bowl,True,False,37c7287892d64f05a88d0303b2ffd320
165,pick up the black bowl next to the ramekin and place it on the plate,pick up the black bowl,pick up the black bowl,True,False,35450fc773134970a6207d3c1db70968
166,pick up the black bowl next to the ramekin and place it on the plate,pick up the black bowl,pick up the black bowl,True,False,78f168eb8a7a46ba9d65ce951005b038
167,pick up the black bowl next to the ramekin and place it on the plate,pick up the black bowl,pick up the black bowl,True,False,200d3fd414034cd09189e72bd4bbf226
168,pick up the black bowl next to the ramekin and place it on the plate,pick up the black bowl,pick up the black bowl,True,False,2414a739cb2d4ff1b9d030a63fce863f
169,pick up the black bowl next to the ramekin and place it on the plate,pick up the black bowl,pick up the black bowl,True,False,eb3e5fd907914dbcaab31970a9160132
170,pick up the black bowl next to the ramekin and place it on the plate,pick up large plate,pick up large plate,True,False,8850ef6286bb448eaf28a5433af03eab
171,pick up the black bowl next to the ramekin and place it on the plate,pick up the black bowl,pick up the black bowl,True,False,4e10230e58c04dca9cb2503bf5440137
172,pick up the black bowl next to the ramekin and place it on the plate,pick up the black bowl,pick up the black bowl,True,False,4be713cfd0554da7aa7c2d829345e966
173,pick up the black bowl next to the ramekin and place it on the plate,pick up the black bowl,pick up the black bowl,True,False,4052567c27cd4a059b4f63884e74edcb
174,pick up the black bowl next to the ramekin and place it on the plate,pick up the black bowl,pick up the black bowl,True,False,d86d04b09d8f4bbf96a60615cef6caf6
175,pick up the black bowl next to the ramekin and place it on the plate,pick up the black bowl,pick up the black bowl,True,False,c171e631b7db4c3891e755b48f6a7075
176,pick up the black bowl next to the ramekin and place it on the plate,pick up the black bowl,pick up the black bowl,True,False,604126ed24bd4bf6b19d73998981abd0
177,pick up the black bowl next to the ramekin and place it on the plate,pick up black bowl,pick up black bowl,True,False,52fbf2d5587c44ba8130a5edc8ea5e79
178,pick up the black bowl next to the ramekin and place it on the plate,pick up the black bowl,pick up the black bowl,True,False,ae80674d92b44d8ab9673f9a6bfe7f9b
179,pick up the black bowl next to the ramekin and place it on the plate,pick up the black bowl,pick up the black bowl,True,False,ab9df36db9b24ce8be699a068592a47b
180,pick up the black bowl next to the ramekin and place it on the plate,pick up the black bowl,pick up the black bowl,True,False,5745682c31f34a53a1fe165f76af3923
181,pick up the black bowl next to the ramekin and place it on the plate,pick up the black bowl,pick up the black bowl,True,False,a831bcb1a5454e29ac15774fcd50596d
182,pick up the black bowl next to the ramekin and place it on the plate,pick up the black bowl,pick up the black bowl,True,False,b25cdd61515d4fd7817c066c2e0a3b3d
183,pick up the black bowl next to the ramekin and place it on the plate,pick up the black bowl,pick up the black bowl,True,False,133251d0863046d085eb5705de5fd994
184,pick up the black bowl next to the ramekin and place it on the plate,pick up black bowl,pick up black bowl,True,False,26de3d7f8f844beca101044a8f222c7c
185,pick up the black bowl next to the ramekin and place it on the plate,pick up black bowl,pick up black bowl,True,False,8f37610b996d4433bba01e4d69579b5f
186,pick up the black bowl next to the ramekin and place it on the plate,pick up large plate,pick up large plate,True,False,045a08e8b9ae48318137cfedee47bd2c
187,pick up the black bowl next to the ramekin and place it on the plate,pick up large plate,pick up large plate,True,False,a083cf6e2f9046d28e263bd6dacbb60f
188,pick up the black bowl next to the ramekin and place it on the plate,pick up small plate,pick up small plate,True,False,809549602dbd451187f3ac4b68edb4f2
189,pick up the black bowl next to the ramekin and place it on the plate,pick up the black bowl,pick up the black bowl,True,False,bdda9816e5e843f191215f34b6e02e1c
190,pick up the black bowl next to the ramekin and place it on the plate,pick up large plate,pick up large plate,True,False,9ae5c7697ff84801bc0bc51570c52b7b
191,pick up the black bowl next to the ramekin and place it on the plate,pick up black bowl,pick up black bowl,True,False,5d4f5e2b584049b88c0129630f8a8bd8
192,pick up the black bowl next to the ramekin and place it on the plate,pick up the large plate,pick up the large plate,True,False,6ffcd937a2204c418e7b55744aaa3dca
193,pick up the black bowl next to the ramekin and place it on the plate,pick up the large plate,pick up the large plate,True,False,7edfa72c05cd4a74b8c31484e3cca402
194,pick up the black bowl next to the ramekin and place it on the plate,pick up the black bowl,pick up the black bowl,True,False,a21534bf102c471f8f0385f5ee977831
195,pick up the black bowl next to the ramekin and place it on the plate,pick up the large plate,pick up the large plate,True,False,772adf2b4cc64c43a3ae872fa055dc6e
196,pick up the black bowl next to the ramekin and place it on the plate,pick up the black bowl,pick up the black bowl,True,False,361c84a4b17c468e9a4f094809bf2705
197,pick up the black bowl next to the ramekin and place it on the plate,pick up the black bowl,pick up the black bowl,True,False,c46b4e5810e94a439a188b57e9bd7968
198,pick up the black bowl next to the ramekin and place it on the plate,pick up bowl,pick up bowl,True,False,8ad2f74b96154342ae1ebc6ab7b28199
199,pick up the black bowl next to the ramekin and place it on the plate,pick up the black bowl,pick up the black bowl,True,False,2d215f280517450aac449b9256a777d1
200,pick up the black bowl next to the ramekin and place it on the plate,pick up bowl,pick up bowl,True,False,e063831afb35469bb5f34f69ff521493
201,pick up the black bowl next to the ramekin and place it on the plate,pick up bowl,pick up bowl,True,False,75e10538a551430da9bf6f43c3108ba1
202,pick up the black bowl next to the ramekin and place it on the plate,pick up bowl,pick up bowl,True,False,48cfc3fb65044f6385a4e88cdc134a22
203,pick up the black bowl next to the ramekin and place it on the plate,pick up bowl,pick up bowl,True,False,ba262c1855af43b883f94a0c882a3e42
204,pick up the black bowl next to the ramekin and place it on the plate,pick up the black bowl,pick up the black bowl,True,False,b3efba527c9640c18a968edf9f73a21f
205,pick up the black bowl next to the ramekin and place it on the plate,pick up bowl,pick up bowl,True,False,709a9e248eb948fd9bdf2d9e5d9e40d3
206,pick up the black bowl next to the ramekin and place it on the plate,pick up bowl,pick up bowl,True,False,28c548856c9b429a872b6299d8ca384a
207,pick up the black bowl next to the ramekin and place it on the plate,pick up black bowl,pick up black bowl,True,False,be323cebbe9b4f36ac0f0f9bd0b656d6
208,pick up the black bowl next to the ramekin and place it on the plate,pick up bowl,pick up bowl,True,False,9afeb615352749d1ab77f7a25ef74b10
209,pick up the black bowl next to the ramekin and place it on the plate,pick up bowl,pick up bowl,True,False,357e998634bf48b49d6d0fd6506c2dc5
210,pick up the black bowl next to the ramekin and place it on the plate,pick up bowl,pick up bowl,True,False,4d095286eb1e4b269c49a5fa1ff095de
211,pick up the black bowl next to the ramekin and place it on the plate,pick up the black bowl,pick up the black bowl,True,False,685e3bb6918b4b949664baa49fd164ea
212,pick up the black bowl next to the ramekin and place it on the plate,pick up the black bowl,pick up the black bowl,True,False,a773c340e9484266b245c86a78c49e29
213,pick up the black bowl next to the ramekin and place it on the plate,pick up the black bowl,pick up the black bowl,True,False,260953dc0448484b98fdbbc49985c17a
214,pick up the black bowl next to the ramekin and place it on the plate,pick up bowl,pick up bowl,True,False,374b8737e58a409b886ec4bfbacbdcba
215,pick up the black bowl next to the ramekin and place it on the plate,pick up black bowl,pick up black bowl,True,False,da8c65d6b1694651a3999f7bd999ea03
216,pick up the black bowl next to the ramekin and place it on the plate,pick up bowl,pick up bowl,True,False,86b839939e2d46b2bcdacaeaecf91c25
217,pick up the black bowl next to the ramekin and place it on the plate,pick up bowl,pick up bowl,True,False,39ecc8886ae1480e8bb35e46eaf9448c
218,pick up the black bowl next to the ramekin and place it on the plate,pick up the black bowl,pick up the black bowl,True,False,ce202e6a30a6491680516a84d34bc4ae
219,pick up the black bowl next to the ramekin and place it on the plate,pick up the large bowl,pick up the large bowl,True,False,a0d7d326e41b41bba724e62366f69154
220,pick up the black bowl next to the ramekin and place it on the plate,pick up the large bowl,pick up the large bowl,True,False,df461f4abb6c4f96af9e547a270892f1
221,pick up the black bowl next to the ramekin and place it on the plate,pick up bowl,pick up bowl,True,False,ac474e357d584b2f9b9ecfdf47c0738b
222,pick up the black bowl next to the ramekin and place it on the plate,pick up bowl,pick up bowl,True,False,ec2c08a99729412382ce3e0729e09695
223,pick up the black bowl next to the ramekin and place it on the plate,pick up bowl,pick up bowl,True,False,c0e80ff1eeaa4b2cadcdcce3a8ae4ab4
224,pick up the black bowl next to the ramekin and place it on the plate,pick up the black bowl,pick up the black bowl,True,False,4da0a217c1374610aa50a3b6a687eb99
225,pick up the black bowl next to the ramekin and place it on the plate,pick up the black bowl,pick up the black bowl,True,False,318118a8b3db446ba3bc70a366ffd784
226,pick up the black bowl next to the ramekin and place it on the plate,pick up the black bowl,pick up the black bowl,True,False,bd627c4ebba94aa09fb2c848ad27ab08
227,pick up the black bowl next to the ramekin and place it on the plate,pick up the black bowl,pick up the black bowl,True,False,42b82f86d74b4a40846c4b719246f5ef
228,pick up the black bowl next to the ramekin and place it on the plate,pick up bowl,pick up bowl,True,False,880c5f45785f49cebd84b686b977ff68
229,pick up the black bowl next to the ramekin and place it on the plate,pick up bowl,pick up bowl,True,False,d72633e32d9a47c2b392546114c839ad
230,pick up the black bowl next to the ramekin and place it on the plate,pick up the black bowl,pick up the black bowl,True,False,37024ce82cfe4239999a755726aa93db
231,pick up the black bowl next to the ramekin and place it on the plate,pick up bowl,pick up bowl,True,False,75a148ce371d4b01bc965b23a619118f
232,pick up the black bowl next to the ramekin and place it on the plate,pick up bowl,pick up bowl,True,False,2aa888af44d9482ca72af25c345fcb47
233,pick up the black bowl next to the ramekin and place it on the plate,pick up bowl,pick up bowl,True,False,6fc3ec48b5564de1baa26490d39121d8
234,pick up the black bowl next to the ramekin and place it on the plate,pick up bowl,pick up bowl,True,False,0cd0c8ab157449cd9ec69dac50ce65bb
235,pick up the black bowl next to the ramekin and place it on the plate,pick up bowl,pick up bowl,True,False,cec99966a8204632969405b849f76cc8
236,pick up the black bowl next to the ramekin and place it on the plate,pick up the black bowl,pick up the black bowl,True,False,48c2a6e4b1e547babb4bcdd5ea3a9d70
237,pick up the black bowl next to the ramekin and place it on the plate,pick up bowl,pick up bowl,True,False,184d8622d34441129c8f50e41e59ac2f
238,pick up the black bowl next to the ramekin and place it on the plate,pick up small plate,pick up small plate,True,False,27c4307d5c0c49dbb55ca413f8b7f927
239,pick up the black bowl next to the ramekin and place it on the plate,pick up bowl,pick up bowl,True,False,3f4af3c6b1e04e39825b91ac4a17b3d9
240,pick up the black bowl next to the ramekin and place it on the plate,pick up bowl,pick up bowl,True,False,76c74a33140349f196c6fe8707427ab3
241,pick up the black bowl next to the ramekin and place it on the plate,pick up bowl,pick up bowl,True,False,166149f2dbd14095ba4d3ae375f6f912
242,pick up the black bowl next to the ramekin and place it on the plate,pick up the black bowl,pick up the black bowl,True,False,474096574dcf473094c27fb27e0cd20c
243,pick up the black bowl next to the ramekin and place it on the plate,pick up the black bowl,pick up the black bowl,True,False,c83b270ec2c14186a696da0d5b5ad246
244,pick up the black bowl next to the ramekin and place it on the plate,pick up the black bowl,pick up the black bowl,True,False,f10dbf48754f4d3bb48bbaeb951262c1
245,pick up the black bowl next to the ramekin and place it on the plate,pick up the black bowl,pick up the black bowl,True,False,c10d1aa4c0454a2d80e1a35313e62a26
246,pick up the black bowl next to the ramekin and place it on the plate,pick up the black bowl,pick up the black bowl,True,False,53ee5789d06c4676b5998215906e7857
247,pick up the black bowl next to the ramekin and place it on the plate,pick up the black bowl,pick up the black bowl,True,False,0fd4dd9ecd3a4349b9b02d8f316370f2
248,pick up the black bowl next to the ramekin and place it on the plate,pick up the black bowl,pick up the black bowl,True,False,c7d84236a78e4b3387b68b34c12da327
249,pick up the black bowl next to the ramekin and place it on the plate,pick up the black bowl,pick up the black bowl,True,False,32004d037558494aa9915d94f2e60f78
250,pick up the black bowl next to the ramekin and place it on the plate,pick up the large plate,pick up the large plate,True,False,2354d9e476034995b6b64b395862ec9a
251,pick up the black bowl next to the ramekin and place it on the plate,pick up the black bowl,pick up the black bowl,True,False,df2dd39c1b534176bc6bcd71e8803523
252,pick up the black bowl next to the ramekin and place it on the plate,pick up the black bowl,pick up the black bowl,True,False,590827b3ea8d4020a18ffac2cdebaa9c
253,pick up the black bowl next to the ramekin and place it on the plate,pick up the black bowl,pick up the black bowl,True,False,d8d9eea30dc8482597903c323177af99
254,pick up the black bowl next to the ramekin and place it on the plate,pick up the black bowl,pick up the black bowl,True,False,30e010eefb8049c9aeecad381d1aaf88
255,pick up the black bowl next to the ramekin and place it on the plate,pick up the black bowl,pick up the black bowl,True,False,3fb45ac9dd284c5db1b753780c95c553
256,pick up the black bowl next to the ramekin and place it on the plate,pick up the black bowl,pick up the black bowl,True,False,a70f9392348f4fd792d1e0c836c48633
257,pick up the black bowl next to the ramekin and place it on the plate,pick up the black bowl,pick up the black bowl,True,False,b48feb0813244ae3a396ada6793660a8
258,pick up the black bowl next to the ramekin and place it on the plate,pick up the black bowl,pick up the black bowl,True,False,1e7b281db4634d3dbb728a2046affa0f
259,pick up the black bowl next to the ramekin and place it on the plate,pick up the black bowl,pick up the black bowl,True,False,eadd39e4a91f45d79398e3600437203a
260,pick up the black bowl next to the ramekin and place it on the plate,pick up bowl,pick up bowl,True,False,fc8f1063b9024350a56ccff063bb6fd1
261,pick up the black bowl next to the ramekin and place it on the plate,pick up the black bowl,pick up the black bowl,True,False,1afc6ff8958a4660a92bb6513a495dd6
262,pick up the black bowl next to the ramekin and place it on the plate,pick up bowl,pick up bowl,True,False,3bc7b6be9ccd48dcb29b8d205cc0d2b0
263,pick up the black bowl next to the ramekin and place it on the plate,pick up black bowl,pick up black bowl,True,False,c1d30514ce294ca6ae1920fa313c5c05
264,pick up the black bowl next to the ramekin and place it on the plate,pick up bowl,pick up bowl,True,False,a5456cd36de242719ea7110cb309b13a
265,pick up the black bowl from table center and place it on the plate,pick up small plate,pick up small plate,True,False,811c68ce47f244b9acdbea9dab670612
266,pick up the black bowl from table center and place it on the plate,pick up small plate,pick up small plate,True,False,1159e6d514b74fb6845ffac7e7a3e3e2
267,pick up the black bowl from table center and place it on the plate,The image shows a single black bowl on the table. It's located in,The image shows a single black bowl on the table. It's located in,False,True,d56ba67c02fd40ad97e3f3c24592b0d8
268,pick up the black bowl from table center and place it on the plate,The black bowl is positioned to the right of the black bowl on the table.,The black bowl is positioned to the right of the black bowl on the table.,False,True,f222f0ccee954b4a837102d2558fdf41
269,pick up the black bowl from table center and place it on the plate,The image shows a single black bowl on the right side of the table. This,The image shows a single black bowl on the right side of the table. This,False,True,52c36e9058864a7894664db8d678d760
270,pick up the black bowl from table center and place it on the plate,The image shows a single black bowl on the table. It's located in,The image shows a single black bowl on the table. It's located in,False,True,5515db15d92a42abaf0cf33cb5a59fd1
271,pick up the black bowl from table center and place it on the plate,pick up black bowl,pick up black bowl,True,False,8072618565154c52aec79f20029512dd
272,pick up the black bowl from table center and place it on the plate,pick up bowl,pick up bowl,True,False,9400545fb6fb4d07ae6cd15d447eed64
273,pick up the black bowl from table center and place it on the plate,pick up small plate,pick up small plate,True,False,2d03e33479b84ba8a5ffad029d2e247b
274,pick up the black bowl from table center and place it on the plate,pick up small plate,pick up small plate,True,False,31504bdb99524ff5852f995b3e15f6cc
275,pick up the black bowl from table center and place it on the plate,pick up small plate,pick up small plate,True,False,4808cfc0d78d4e3da6731aa59910d238
276,pick up the black bowl from table center and place it on the plate,pick up small plate,pick up small plate,True,False,57f01bded2df44c6a149ba05a849e0b6
277,pick up the black bowl from table center and place it on the plate,pick up small plate,pick up small plate,True,False,d852850062b2448ea11a65507694779a
278,pick up the black bowl from table center and place it on the plate,pick up large plate,pick up large plate,True,False,8553bcb522354642a495d710ffe91f9a
279,pick up the black bowl from table center and place it on the plate,pick up bowl,pick up bowl,True,False,73e5105b2d384444a92f784ed975e98a
280,pick up the black bowl from table center and place it on the plate,pick up the black bowl,pick up the black bowl,True,False,0464fcc096db4ee9ae32fbd23a855b2c
281,pick up the black bowl from table center and place it on the plate,pick up bowl,pick up bowl,True,False,5f5a2ef8355b46668427180cc36d6904
282,pick up the black bowl from table center and place it on the plate,pick up bowl,pick up bowl,True,False,bbd7e60e575a461d8bffaedd0546c266
283,pick up the black bowl from table center and place it on the plate,pick up bowl,pick up bowl,True,False,9d901e2d6a984af390da63b909226ed2
284,pick up the black bowl from table center and place it on the plate,pick up bowl,pick up bowl,True,False,424dd94cd7fa444c88385ee063f8de17
285,pick up the black bowl from table center and place it on the plate,put bowl on plate,put bowl on plate,True,False,b15ad8eca85045f1889051de6daede1f
286,pick up the black bowl from table center and place it on the plate,put bowl on plate,put bowl on plate,True,False,3f923b4ff5ec45149520fd44a9de863d
287,pick up the black bowl from table center and place it on the plate,put bowl on plate,put bowl on plate,True,False,4bea9496034f4943b17b55862653d234
288,pick up the black bowl from table center and place it on the plate,put bowl on plate,put bowl on plate,True,False,8dbed660e1584261bedb3024dbb3b514
289,pick up the black bowl from table center and place it on the plate,pick up bowl,pick up bowl,True,False,0a99ed60cb094b3ba73234beae46ee7a
290,pick up the black bowl from table center and place it on the plate,pick up bowl,pick up bowl,True,False,eaa44daa9b964d24bd097208b4668477
291,pick up the black bowl from table center and place it on the plate,pick up bowl,pick up bowl,True,False,4f7cb3facffb44f2b307d3dd1cf6f030
292,pick up the black bowl from table center and place it on the plate,pick up black bowl,pick up black bowl,True,False,17c20ff1e99d4a179d060d620a04df7b
293,pick up the black bowl from table center and place it on the plate,pick up black bowl,pick up black bowl,True,False,461f0f6661b44853a993b1ca73aff438
294,pick up the black bowl from table center and place it on the plate,pick up black bowl,pick up black bowl,True,False,534b9119308b4121838898122c332214
295,pick up the black bowl from table center and place it on the plate,pick up black bowl,pick up black bowl,True,False,07a844c61bbf4961b7c7f0503b9a5530
296,pick up the black bowl from table center and place it on the plate,pick up black bowl,pick up black bowl,True,False,faff3415335749a2a6e5d8aec177c609
297,pick up the black bowl from table center and place it on the plate,pick up black bowl,pick up black bowl,True,False,fa08723cb94d4d98ac3ad6eba7457f72
298,pick up the black bowl from table center and place it on the plate,pick up bowl,pick up bowl,True,False,e09f0e5720a34b15934874987564ffb1
299,pick up the black bowl from table center and place it on the plate,pick up bowl,pick up bowl,True,False,e9fdfea7993d472caf0b6b2a9706c974
300,pick up the black bowl from table center and place it on the plate,pick up bowl,pick up bowl,True,False,15a24e76cb844308966815322341b39c
301,pick up the black bowl from table center and place it on the plate,pick up bowl,pick up bowl,True,False,7debb4ab4596417388b1189c3ae0699a
302,pick up the black bowl from table center and place it on the plate,put the large bowl on the plate,put the large bowl on the plate,True,False,ab6c13bc988b48f2889591cb80853b1f
303,pick up the black bowl from table center and place it on the plate,pick up bowl,pick up bowl,True,False,e6c131139a7149e8a58bc686b373ab75
304,pick up the black bowl from table center and place it on the plate,pick up the black bowl,pick up the black bowl,True,False,a30efef287a5426f861540422bc98b9c
305,pick up the black bowl from table center and place it on the plate,pick up bowl,pick up bowl,True,False,1ecc65564f3743208ef9af0d34536ad0
306,pick up the black bowl from table center and place it on the plate,pick up bowl,pick up bowl,True,False,31de34017aed4481a68c0a54c71d25b5
307,pick up the black bowl from table center and place it on the plate,pick up bowl,pick up bowl,True,False,9a23df281ebd4812a3deae47692cefe0
308,pick up the black bowl from table center and place it on the plate,pick up bowl,pick up bowl,True,False,dcd2dd38ae0c4d129c07ecefad899e2f
309,pick up the black bowl from table center and place it on the plate,pick up black bowl,pick up black bowl,True,False,d0dae60f7b8e409392072633e9abca06
310,pick up the black bowl from table center and place it on the plate,pick up black bowl,pick up black bowl,True,False,82c5d11cffa64367a8bd83c3f191b6e4
311,pick up the black bowl from table center and place it on the plate,pick up bowl,pick up bowl,True,False,a4aab5f340c04c399160120e2cb3a7fc
312,pick up the black bowl from table center and place it on the plate,pick up bowl,pick up bowl,True,False,5ddd1a581f1648a5bfcff5425bf77af6
313,pick up the black bowl from table center and place it on the plate,pick up black bowl,pick up black bowl,True,False,1044cd4add3b43f2b7d1f68ccdae2b3d
314,pick up the black bowl from table center and place it on the plate,The image shows a single black bowl on the table. It's located in,The image shows a single black bowl on the table. It's located in,False,True,d2d66abbbdef47289b5bd8e9b4fc523a
315,pick up the black bowl from table center and place it on the plate,The black bowl is located in the center of the table. It's a,The black bowl is located in the center of the table. It's a,False,True,287c0d1db95c465c94816405de2a5883
316,pick up the black bowl from table center and place it on the plate,pick up bowl,pick up bowl,True,False,273d554596da425ba87bd4af53a4c6da
317,pick up the black bowl from table center and place it on the plate,The image shows a single black bowl on the table. It's located in,The image shows a single black bowl on the table. It's located in,False,True,04a3dd2f6fe540c29a2d3df720755662
318,pick up the black bowl from table center and place it on the plate,The image shows a single black bowl on the table. It's located in,The image shows a single black bowl on the table. It's located in,False,True,62ca6447cb2e451fb1717382fd8b2d41
319,pick up the black bowl from table center and place it on the plate,pick up the blue bowl,pick up the blue bowl,True,False,1d714a5c6090432390b632d9a1268bc9
320,pick up the black bowl from table center and place it on the plate,The image shows a single black bowl on the table. It's located in,The image shows a single black bowl on the table. It's located in,False,True,6202acd8f72840a28ea95c0ef09496b1
321,pick up the black bowl from table center and place it on the plate,pick up bowl,pick up bowl,True,False,89ea30a4b3874d97a4e29fe8d94770a3
322,pick up the black bowl from table center and place it on the plate,pick up bowl,pick up bowl,True,False,02c66e2c76fe4414b5fe7f9efc53c36e
323,pick up the black bowl from table center and place it on the plate,pick up bowl,pick up bowl,True,False,b560ad43d71447db99415a1c51f0d5a9
324,pick up the black bowl from table center and place it on the plate,pick up bowl,pick up bowl,True,False,171ed6f20a6a4c96ab29e0cd14800bca
325,pick up the black bowl from table center and place it on the plate,pick up bowl,pick up bowl,True,False,30af42bca9064e0195aa2a81b5ffe772
326,pick up the black bowl from table center and place it on the plate,pick up bowl,pick up bowl,True,False,c39147dae9554f1c8e4f5b56431d4255
327,pick up the black bowl from table center and place it on the plate,pick up bowl,pick up bowl,True,False,da15e2c765044db0879e65bb4539412b
328,pick up the black bowl from table center and place it on the plate,pick up bowl,pick up bowl,True,False,5ef9a913833842af9fd910bb87c80556
329,pick up the black bowl from table center and place it on the plate,pick up bowl,pick up bowl,True,False,be00158ab84042ac9836d16537020b40
330,pick up the black bowl from table center and place it on the plate,pick up large plate,pick up large plate,True,False,a27f4ae98f1345f0980588d2cdc8d8c5
331,pick up the black bowl from table center and place it on the plate,pick up bowl,pick up bowl,True,False,354678b12d664dd2af4ce8b2586e27f3
332,pick up the black bowl from table center and place it on the plate,pick up bowl,pick up bowl,True,False,8855940515204232b91086962eb95a5a
333,pick up the black bowl from table center and place it on the plate,pick up large bowl,pick up large bowl,True,False,7cf013a3d21f4a9d9da32e9503718873
334,pick up the black bowl from table center and place it on the plate,pick up bowl,pick up bowl,True,False,a26a427739434b7393f89d25b11c69f1
335,pick up the black bowl from table center and place it on the plate,pick up bowl,pick up bowl,True,False,04997823110f4895a71974e1686106e8
336,pick up the black bowl from table center and place it on the plate,pick up bowl,pick up bowl,True,False,031e79369b15439a91d670a15cafba8c
337,pick up the black bowl from table center and place it on the plate,pick up bowl,pick up bowl,True,False,fc71cbc2e8164dad89013fdecd94645c
338,pick up the black bowl from table center and place it on the plate,pick up bowl,pick up bowl,True,False,c2deabbba9c74860aae70ddfa720921a
339,pick up the black bowl from table center and place it on the plate,pick up bowl,pick up bowl,True,False,e7c4e02ce1694df58545c0909db24f4c
340,pick up the black bowl from table center and place it on the plate,pick up bowl,pick up bowl,True,False,3ab4dcc3de574fa99d93e020c03a2147
341,pick up the black bowl from table center and place it on the plate,pick up bowl,pick up bowl,True,False,aeb45614cef04728832bab0d4e6bcdb4
342,pick up the black bowl from table center and place it on the plate,pick up bowl,pick up bowl,True,False,db45cf32eec248ea8f5d97397db57858
343,pick up the black bowl from table center and place it on the plate,pick up black bowl,pick up black bowl,True,False,a9ad92fd16c94b82ab8df764591803a6
344,pick up the black bowl from table center and place it on the plate,pick up black bowl,pick up black bowl,True,False,4acb02e4f8d645b1ab2b20ff15e3e388
345,pick up the black bowl from table center and place it on the plate,pick up bowl,pick up bowl,True,False,865a02cd0f2f453a89e8804532501f83
346,pick up the black bowl from table center and place it on the plate,pick up bowl,pick up bowl,True,False,26509713d4f248bd91c85d69e160fc10
347,pick up the black bowl from table center and place it on the plate,pick up bowl,pick up bowl,True,False,805ac6ea5e054229acdef04c315bbc2a
348,pick up the black bowl from table center and place it on the plate,pick up bowl,pick up bowl,True,False,d2ff7f4a2ba34c9b951c87a790fcb06e
349,pick up the black bowl from table center and place it on the plate,pick up bowl,pick up bowl,True,False,c4d2a0dfa8c243dea59d366727b72c4d
350,pick up the black bowl from table center and place it on the plate,pick up black bowl,pick up black bowl,True,False,703ecd10fcfb47e6a7af1444737134bb
351,pick up the black bowl from table center and place it on the plate,pick up black bowl,pick up black bowl,True,False,448b9de73e6440fb821b4c38639a45e6
352,pick up the black bowl from table center and place it on the plate,pick up black bowl,pick up black bowl,True,False,93918465ac0140d18086b2f2ef2c5068
353,pick up the black bowl from table center and place it on the plate,pick up black bowl,pick up black bowl,True,False,1082c8255a3449c9b6242c39ba89940f
354,pick up the black bowl from table center and place it on the plate,pick up black bowl,pick up black bowl,True,False,c113c57c58af4b178d9da89537cd7911
355,pick up the black bowl from table center and place it on the plate,pick up small plate,pick up small plate,True,False,7db77893ce5c41ccbf3758af6ea671f2
356,pick up the black bowl from table center and place it on the plate,The image shows a single black bowl on the table. It's located in,The image shows a single black bowl on the table. It's located in,False,True,2232fddf9fee413088cd72e7842d8793
357,pick up the black bowl from table center and place it on the plate,pick up bowl,pick up bowl,True,False,ba2cf651c22247f8a0f11e176ad30841
358,pick up the black bowl from table center and place it on the plate,The black bowl is positioned in the center of the table. It's a,The black bowl is positioned in the center of the table. It's a,False,True,11cfbb0c546d422cb359361afa36c4f1
359,pick up the black bowl from table center and place it on the plate,The black bowl located in the center of the image is the black bowl. It,The black bowl located in the center of the image is the black bowl. It,False,True,676fa2cc8e404183b3b3acb7dfcc4d91
360,pick up the black bowl from table center and place it on the plate,The black bowl located in the center of the image is the black bowl. It,The black bowl located in the center of the image is the black bowl. It,False,True,06e2f6337b204b1e9b1c2d8b45eec004
361,pick up the black bowl from table center and place it on the plate,pick up black bowl,pick up black bowl,True,False,510013cb47274c49b173093077cd528a
362,pick up the black bowl from table center and place it on the plate,pick up black bowl,pick up black bowl,True,False,6d8926046981426faa608cb1282d4dd2
363,pick up the black bowl from table center and place it on the plate,The black bowl is positioned to the right of the white plate and slightly below the,The black bowl is positioned to the right of the white plate and slightly below the,False,True,204bab678b8f406688d245f54f95f8a6
364,pick up the black bowl from table center and place it on the plate,pick up black bowl,pick up black bowl,True,False,0a3691b294304bdfab62e7a04aa28273
365,pick up the black bowl from table center and place it on the plate,pick up small plate,pick up small plate,True,False,72a58cf46d1f48ac8cfcc91c32875d0d
366,pick up the black bowl from table center and place it on the plate,pick up small plate,pick up small plate,True,False,64393200976a49f9905c85a931fee687
367,pick up the black bowl from table center and place it on the plate,pick up the large plate,pick up the large plate,True,False,d92c9c94e6a34e4997ff53ad3655e1a6
368,pick up the black bowl from table center and place it on the plate,The image shows a single black bowl on the table. It's a round,The image shows a single black bowl on the table. It's a round,False,True,50ba433941d8400eaebbc3858c14047c
369,pick up the black bowl from table center and place it on the plate,pick up small plate,pick up small plate,True,False,99daa7409a2340febe7e85b9a7277c31
370,pick up the black bowl from table center and place it on the plate,pick up bowl,pick up bowl,True,False,0b036e994f9846a8bbf5fdbbde026a5f
371,pick up the black bowl from table center and place it on the plate,pick up stainless steel plate,pick up stainless steel plate,True,False,d7498125579a4b75a845f6e00cf06eb1
372,pick up the black bowl from table center and place it on the plate,pick up small plate,pick up small plate,True,False,224a78702fe4416eb7eadac8814808a5
373,pick up the black bowl from table center and place it on the plate,pick up bowl,pick up bowl,True,False,3bcf1d348f8b4634a13c20e4402d8b23
374,pick up the black bowl from table center and place it on the plate,pick up bowl,pick up bowl,True,False,b03807864f794891b22f15bf5bee383d
375,pick up the black bowl from table center and place it on the plate,pick up bowl,pick up bowl,True,False,a7bea4e981bf4419972ea8054495063d
376,pick up the black bowl from table center and place it on the plate,pick up bowl,pick up bowl,True,False,009bf52762f74cb584977122505ed208
377,pick up the black bowl from table center and place it on the plate,pick up bowl,pick up bowl,True,False,4c80ce1f17724db9b84bf3c6fe710fdc
378,pick up the black bowl from table center and place it on the plate,pick up the black bowl,pick up the black bowl,True,False,86559bc8a9cf469fada6110bbdfbb227
379,pick up the black bowl from table center and place it on the plate,pick up bowl,pick up bowl,True,False,ffc41ba9e81746849741f2f5a9e5df64
380,pick up the black bowl from table center and place it on the plate,pick up bowl,pick up bowl,True,False,7f59d6701e0340658ab646a672b10cb9
381,pick up the black bowl from table center and place it on the plate,pick up black bowl,pick up black bowl,True,False,e27b8dbcf880431e8b83311ceed0079b
382,pick up the black bowl from table center and place it on the plate,pick up black bowl,pick up black bowl,True,False,5ee791e20a9346518ede4e72601c5596
383,pick up the black bowl from table center and place it on the plate,pick up bowl,pick up bowl,True,False,e20cabc36f184c8eb249df14ea605b51
384,pick up the black bowl from table center and place it on the plate,pick up bowl,pick up bowl,True,False,98ab6ae81f484a52a4402089d273c2a5
385,pick up the black bowl from table center and place it on the plate,pick up bowl,pick up bowl,True,False,e3a37bd3543349cfa6cde9dcbf736d5f
386,pick up the black bowl from table center and place it on the plate,pick up bowl,pick up bowl,True,False,d58b6f96ea924d2e929d6368b0659402
387,pick up the black bowl from table center and place it on the plate,pick up the black bowl,pick up the black bowl,True,False,71ef8671fe7c4d9890a5346b67ed51a4
388,pick up the black bowl from table center and place it on the plate,pick up black bowl,pick up black bowl,True,False,f7737f6060bb4cf7904e8d9321b8b8a7
389,pick up the black bowl from table center and place it on the plate,pick up bowl,pick up bowl,True,False,242799e53ea44d119aa92f50e5be37e9
390,pick up the black bowl from table center and place it on the plate,pick up bowl,pick up bowl,True,False,a75a97d228e14680acbbd8b4c82b5d54
391,pick up the black bowl from table center and place it on the plate,pick up bowl,pick up bowl,True,False,8b85dddd2b2146a5bed90f6b5cd54100
392,pick up the black bowl from table center and place it on the plate,pick up bowl,pick up bowl,True,False,9e51f57729fc47c5b2a6a41e41f69240
393,pick up the black bowl from table center and place it on the plate,pick up bowl,pick up bowl,True,False,3cde3f43ff2d4760a09bc602de32a251
394,pick up the black bowl from table center and place it on the plate,pick up the black bowl,pick up the black bowl,True,False,74b79be03bf44243a5aa7cd83e67738c
395,pick up the black bowl from table center and place it on the plate,pick up the large plate,pick up the large plate,True,False,c234d08fdb5649ec92df029d91b8684e
396,pick up the black bowl from table center and place it on the plate,pick up the black bowl,pick up the black bowl,True,False,10245813a8104b41a5ed8ee67cf7d370
397,pick up the black bowl on the cookie box and place it on the plate,pick up the blue plate,pick up the blue plate,True,False,2421d6599f324735903f3905d3495d23
398,pick up the black bowl on the cookie box and place it on the plate,pick up the black bowl,pick up the black bowl,True,False,f55604e4a5814083a636b3f4025a3cd2
399,pick up the black bowl on the cookie box and place it on the plate,pick up the black bowl,pick up the black bowl,True,False,130bf64ee19a4db9b928b008c32e97dd
400,pick up the black bowl on the cookie box and place it on the plate,pick up the blue plate,pick up the blue plate,True,False,11f748aa0c8a472db96c727851ccee99
401,pick up the black bowl on the cookie box and place it on the plate,pick up the blue plate,pick up the blue plate,True,False,a45ec849774048458123b89eccd0a733
402,pick up the black bowl on the cookie box and place it on the plate,pick up the blue plate,pick up the blue plate,True,False,45a827c723b14f20ad4f07b0882bc47c
403,pick up the black bowl on the cookie box and place it on the plate,pick up the blue bowl,pick up the blue bowl,True,False,b5b681f82f7c44be88baef4d9728661d
404,pick up the black bowl on the cookie box and place it on the plate,pick up the blue bowl,pick up the blue bowl,True,False,f47c15a8a031450aaa098c7548c73097
405,pick up the black bowl on the cookie box and place it on the plate,pick up the black bowl,pick up the black bowl,True,False,31bfdd724ce141209a3a35a77dc1ebbf
406,pick up the black bowl on the cookie box and place it on the plate,pick up the blue bowl,pick up the blue bowl,True,False,c02f51930f67442d9fb1df6908db3bd4
407,pick up the black bowl on the cookie box and place it on the plate,pick up the blue bowl,pick up the blue bowl,True,False,17ec57f9913147dab9269cd50c7681f4
408,pick up the black bowl on the cookie box and place it on the plate,pick up the black bowl,pick up the black bowl,True,False,27a14b1ef6584289b17dcad788fe7f1f
409,pick up the black bowl on the cookie box and place it on the plate,pick up the black bowl,pick up the black bowl,True,False,9eb86d770aaa4c488a7032b5c400260a
410,pick up the black bowl on the cookie box and place it on the plate,pick up the black bowl,pick up the black bowl,True,False,e078098383144ee0ab4a49c49cc26f90
411,pick up the black bowl on the cookie box and place it on the plate,pick up the black bowl,pick up the black bowl,True,False,62f17e4beb6647c8ba7d0964e6743070
412,pick up the black bowl on the cookie box and place it on the plate,pick up the black bowl,pick up the black bowl,True,False,17b45e199b8d4be98ebb4c056c189e3c
413,pick up the black bowl on the cookie box and place it on the plate,pick up the black bowl,pick up the black bowl,True,False,6f95fa9549384c52be26da80d7156206
414,pick up the black bowl on the cookie box and place it on the plate,pick up the black bowl,pick up the black bowl,True,False,9a2e04d603064ac3a94534fa5abcf19a
415,pick up the black bowl on the cookie box and place it on the plate,pick up the blue plate,pick up the blue plate,True,False,e0148d5eb1bb41049f117dc6f787d17d
416,pick up the black bowl on the cookie box and place it on the plate,pick up the black bowl,pick up the black bowl,True,False,63ddcc1e4de44304958f07396b1aee37
417,pick up the black bowl on the cookie box and place it on the plate,pick up the black bowl,pick up the black bowl,True,False,a5f6151ea8f741e7adf79e3f27705e64
418,pick up the black bowl on the cookie box and place it on the plate,pick up the black bowl,pick up the black bowl,True,False,f178cbbb14f94f9f844bfbb1aa76668f
419,pick up the black bowl on the cookie box and place it on the plate,pick up the black bowl,pick up the black bowl,True,False,b49cc3c470e24772981d5c08e789c1ff
420,pick up the black bowl on the cookie box and place it on the plate,pick up the black bowl,pick up the black bowl,True,False,f145a3d0fae046ad98bef1b6451b5ea9
421,pick up the black bowl on the cookie box and place it on the plate,pick up the black bowl,pick up the black bowl,True,False,402c2c2559bf46c5aadc1e604d19038e
422,pick up the black bowl on the cookie box and place it on the plate,pick up the large plate,pick up the large plate,True,False,12f1c73f3985459bab39593865a65e3d
423,pick up the black bowl on the cookie box and place it on the plate,pick up the black bowl,pick up the black bowl,True,False,1e064a492ba94d88b6797ca520c8fc16
424,pick up the black bowl on the cookie box and place it on the plate,pick up the blue plate,pick up the blue plate,True,False,344db15a667d4469bdb85f7d7667f1e3
425,pick up the black bowl on the cookie box and place it on the plate,pick up the black bowl,pick up the black bowl,True,False,5334fdd9aab044949e477e6cfda47ff3
426,pick up the black bowl on the cookie box and place it on the plate,pick up the black bowl,pick up the black bowl,True,False,33ab44d0723a413081fc0ac862b0cbb0
427,pick up the black bowl on the cookie box and place it on the plate,pick up the black bowl,pick up the black bowl,True,False,04537ad7b85741e39b1c73367525a8e1
428,pick up the black bowl on the cookie box and place it on the plate,pick up the black bowl,pick up the black bowl,True,False,06969beed8264cb1a64db8aa0b5a9ef7
429,pick up the black bowl on the cookie box and place it on the plate,pick up the blue bowl,pick up the blue bowl,True,False,11305884f2ec4f9f8381e6d79b5b1f9c
430,pick up the black bowl on the cookie box and place it on the plate,pick up the blue bowl,pick up the blue bowl,True,False,c1afacb9fda84dd08f672b6dd75429e8
431,pick up the black bowl on the cookie box and place it on the plate,pick up the blue plate,pick up the blue plate,True,False,76b8de3f4d96435ebc259614183b2aa6
432,pick up the black bowl on the cookie box and place it on the plate,pick up the blue plate,pick up the blue plate,True,False,d61a3f8f8c2e4dfca654a33922f69553
433,pick up the black bowl on the cookie box and place it on the plate,pick up the black bowl,pick up the black bowl,True,False,e9d707239e5648ef91196165e3ebafe0
434,pick up the black bowl on the cookie box and place it on the plate,pick up the black bowl,pick up the black bowl,True,False,4f2d0cfa87f848b598fc893e179a042b
435,pick up the black bowl on the cookie box and place it on the plate,pick up the blue plate,pick up the blue plate,True,False,6d9e36f16d514aedbdbdc8cf01532f75
436,pick up the black bowl on the cookie box and place it on the plate,pick up the blue plate,pick up the blue plate,True,False,a4b6330c62d244a3b124b502107e4599
437,pick up the black bowl on the cookie box and place it on the plate,pick up the blue bowl,pick up the blue bowl,True,False,6394e55b65f74ef6a2bc5f3692256910
438,pick up the black bowl on the cookie box and place it on the plate,pick up the blue bowl,pick up the blue bowl,True,False,314aa422ebd64045944a78f9cd251c31
439,pick up the black bowl on the cookie box and place it on the plate,pick up the blue bowl,pick up the blue bowl,True,False,7a7d47c90e7a4228aa29de05f6f81d20
440,pick up the black bowl on the cookie box and place it on the plate,pick up the blue bowl,pick up the blue bowl,True,False,d0b52b83eeb547c090f789e3d0a4b43b
441,pick up the black bowl on the cookie box and place it on the plate,pick up the blue plate,pick up the blue plate,True,False,804ef1c4df684d2fbd4de46d5f1161d0
442,pick up the black bowl on the cookie box and place it on the plate,pick up the black bowl,pick up the black bowl,True,False,f5c718d8ee5e4bf9ace8795f3205bc96
443,pick up the black bowl on the cookie box and place it on the plate,pick up the blue plate,pick up the blue plate,True,False,1751d8e4ef2c4751a9acda970dcbef72
444,pick up the black bowl on the cookie box and place it on the plate,pick up the blue bowl,pick up the blue bowl,True,False,eb348e82ffc54ce99c2d8198db7fef73
445,pick up the black bowl on the cookie box and place it on the plate,pick up the black bowl,pick up the black bowl,True,False,f838e20c087b4b68a7d6e52bfe35b220
446,pick up the black bowl on the cookie box and place it on the plate,pick up the blue bowl,pick up the blue bowl,True,False,b87c8e59eedc4910a25856f6865a7354
447,pick up the black bowl on the cookie box and place it on the plate,No movement,No movement,True,False,bee7366e0192455cbf1019bdb799a9bc
448,pick up the black bowl on the cookie box and place it on the plate,pick up the blue bowl,pick up the blue bowl,True,False,63ab2ce4caa1485dbe29cbf4ccf1ca95
449,pick up the black bowl on the cookie box and place it on the plate,pick up the blue bowl,pick up the blue bowl,True,False,fbb57d388fa94ef69e0dce2534f65d54
450,pick up the black bowl on the cookie box and place it on the plate,pick up the blue bowl,pick up the blue bowl,True,False,8f8653033fad436dae8fe6ab1d52abc1
451,pick up the black bowl on the cookie box and place it on the plate,pick up the blue plate,pick up the blue plate,True,False,87dd522e7af54df6a89892a03168a10b
452,pick up the black bowl on the cookie box and place it on the plate,pick up the black bowl,pick up the black bowl,True,False,01a63cb8b49949798f1b1dde096901b9
453,pick up the black bowl on the cookie box and place it on the plate,pick up the black bowl,pick up the black bowl,True,False,87c4c4865ba841a79e5490c86424fcf2
454,pick up the black bowl on the cookie box and place it on the plate,pick up the blue bowl,pick up the blue bowl,True,False,399fff9eaa674936ba54ca10326fb807
455,pick up the black bowl on the cookie box and place it on the plate,pick up the blue bowl,pick up the blue bowl,True,False,bdfd3bdf0b0a43cd9796e7a978ca2b98
456,pick up the black bowl on the cookie box and place it on the plate,pick up the blue bowl,pick up the blue bowl,True,False,b65a907304ae4b93a0dd2de08fabbeef
457,pick up the black bowl on the cookie box and place it on the plate,pick up the blue bowl,pick up the blue bowl,True,False,70d6b2399ba243d884bc98659ba02d03
458,pick up the black bowl on the cookie box and place it on the plate,pick up the blue bowl,pick up the blue bowl,True,False,f4714af15cc740e695cdc78024392a27
459,pick up the black bowl on the cookie box and place it on the plate,pick up the black bowl,pick up the black bowl,True,False,0fc2101b810d4f9ea719dbbb27e5c853
460,pick up the black bowl on the cookie box and place it on the plate,pick up the black bowl,pick up the black bowl,True,False,5d838cd84a284489ad29b47ceb9f589f
461,pick up the black bowl on the cookie box and place it on the plate,NoAction,NoAction,True,False,cab3416c4c20476bac43c747bf8895b1
462,pick up the black bowl on the cookie box and place it on the plate,pick up the black bowl,pick up the black bowl,True,False,11084c9780bf4d7ab3839fe3c8e57f93
463,pick up the black bowl on the cookie box and place it on the plate,pick up the black bowl,pick up the black bowl,True,False,6d0b2fbacef74af5b081b90242814893
464,pick up the black bowl on the cookie box and place it on the plate,pick up the black bowl,pick up the black bowl,True,False,973e0ead78744f33b1030bd3539ba75d
465,pick up the black bowl on the cookie box and place it on the plate,pick up the black bowl,pick up the black bowl,True,False,7b200cc648704b2a908d91d7a448b845
466,pick up the black bowl on the cookie box and place it on the plate,pick up the black bowl,pick up the black bowl,True,False,da2c22bce8c14765975ea5aa262ab50f
467,pick up the black bowl on the cookie box and place it on the plate,pick up the blue bowl,pick up the blue bowl,True,False,78e00a00a0b84183b98c6b1cf25c73de
468,pick up the black bowl on the cookie box and place it on the plate,pick up the black bowl,pick up the black bowl,True,False,14efda057de140cbb058bc516b6883a6
469,pick up the black bowl on the cookie box and place it on the plate,pick up the black bowl,pick up the black bowl,True,False,143efc1eba914fe98354ed2c348485fa
470,pick up the black bowl on the cookie box and place it on the plate,pick up the blue bowl,pick up the blue bowl,True,False,220d671803e9429ebb4d9b5a6bd5570a
471,pick up the black bowl on the cookie box and place it on the plate,pick up the black bowl,pick up the black bowl,True,False,4e1f0d0cfb8447f5bb6ba802894ed367
472,pick up the black bowl on the cookie box and place it on the plate,pick up the black bowl,pick up the black bowl,True,False,81a9eeae326a46a4bd8191f66e15cba3
473,pick up the black bowl on the cookie box and place it on the plate,pick up the black bowl,pick up the black bowl,True,False,0acae5b76e18460f91d3e6a2bf9c4773
474,pick up the black bowl on the cookie box and place it on the plate,pick up the black bowl,pick up the black bowl,True,False,1e9eac5d153b4fb99a34c9b4955a8acc
475,pick up the black bowl on the cookie box and place it on the plate,pick up the black bowl,pick up the black bowl,True,False,ff9c81f39c6e4a3c95f7486bf5f37367
476,pick up the black bowl on the cookie box and place it on the plate,pick up the blue bowl,pick up the blue bowl,True,False,719f1ca3a8d545ce861554d20b7ccb07
477,pick up the black bowl on the cookie box and place it on the plate,pick up the blue bowl,pick up the blue bowl,True,False,5c29ff574a754abaa21a9fc304a0f939
478,pick up the black bowl on the cookie box and place it on the plate,pick up the blue bowl,pick up the blue bowl,True,False,8c063f77cd2d48edb4e3fe5a544f4111
479,pick up the black bowl on the cookie box and place it on the plate,pick up the blue plate,pick up the blue plate,True,False,3abec914b9024122bca7e894bda7e26a
480,pick up the black bowl on the cookie box and place it on the plate,pick up the blue bowl,pick up the blue bowl,True,False,fb8e1d3c648348eb8caf66a2f0a6b022
481,pick up the black bowl on the cookie box and place it on the plate,pick up the blue bowl,pick up the blue bowl,True,False,6a2ded95605b46039f1c103ba3d5c7f1
482,pick up the black bowl on the cookie box and place it on the plate,pick up the black bowl,pick up the black bowl,True,False,e8a5dd5c8d254bef818f35cafd013795
483,pick up the black bowl on the cookie box and place it on the plate,pick up the blue bowl,pick up the blue bowl,True,False,4dde644f12104d60867090488b0042a8
484,pick up the black bowl on the cookie box and place it on the plate,pick up the black bowl,pick up the black bowl,True,False,a1b5601f66b34107ad0be3f8e9a7621a
485,pick up the black bowl on the cookie box and place it on the plate,pick up the blue plate,pick up the blue plate,True,False,27f23e4f443f4530a88d46d02c35f2f7
486,pick up the black bowl on the cookie box and place it on the plate,pick up the blue plate,pick up the blue plate,True,False,87b5b6736a5c49b6a5337200d8d21443
487,pick up the black bowl on the cookie box and place it on the plate,pick up the blue bowl,pick up the blue bowl,True,False,810c2b3f9de447cf9191b65bc47fa661
488,pick up the black bowl on the cookie box and place it on the plate,pick up the blue bowl,pick up the blue bowl,True,False,ec095115c1ea4b40b33528c67a0c1b5a
489,pick up the black bowl on the cookie box and place it on the plate,pick up the blue plate,pick up the blue plate,True,False,5df2f792bcd34ab898e9cf0deb4e461a
490,pick up the black bowl on the cookie box and place it on the plate,pick up the blue plate,pick up the blue plate,True,False,9607931a4adc407a82caf18f5e77b07e
491,pick up the black bowl on the cookie box and place it on the plate,pick up the blue bowl,pick up the blue bowl,True,False,2d5090dd18f54a079e206e2ccc04567f
492,pick up the black bowl on the cookie box and place it on the plate,pick up the blue bowl,pick up the blue bowl,True,False,c2c33cbcf36c4a5a9b61a63873a5855a
493,pick up the black bowl on the cookie box and place it on the plate,pick up the blue bowl,pick up the blue bowl,True,False,242f567e35944ce4843601ceaf0ebd47
494,pick up the black bowl on the cookie box and place it on the plate,pick up the blue bowl,pick up the blue bowl,True,False,24174b292617454aa70170715bcb8368
495,pick up the black bowl on the cookie box and place it on the plate,pick up the blue bowl,pick up the blue bowl,True,False,67c279b3864c4eeeb5a4d17a08f3ae4e
496,pick up the black bowl on the cookie box and place it on the plate,pick up the blue bowl,pick up the blue bowl,True,False,2cf8edfaf1444b21a08da83255d57a4b
497,pick up the black bowl on the cookie box and place it on the plate,pick up the blue bowl,pick up the blue bowl,True,False,1f801eb8e9c3460e802a44b8f37f70bf
498,pick up the black bowl on the cookie box and place it on the plate,pick up the blue plate,pick up the blue plate,True,False,11e158cae5ad43e88a74fb005b99e0bb
499,pick up the black bowl on the cookie box and place it on the plate,pick up the blue bowl,pick up the blue bowl,True,False,e2c45c4732dd4a8aa7df4c64e6588ded
500,pick up the black bowl on the cookie box and place it on the plate,pick up the black bowl,pick up the black bowl,True,False,369e48fdcc394c708d58682c759d5971
501,pick up the black bowl on the cookie box and place it on the plate,pick up the black bowl,pick up the black bowl,True,False,7b17a94a60ed400d891898a0b779db18
502,pick up the black bowl on the cookie box and place it on the plate,pick up the blue bowl,pick up the blue bowl,True,False,0a71788c7ac24634a274a899983e1330
503,pick up the black bowl on the cookie box and place it on the plate,pick up the black bowl,pick up the black bowl,True,False,164493020eb641a7b8cbca55dc6a1e82
504,pick up the black bowl on the cookie box and place it on the plate,pick up the blue plate,pick up the blue plate,True,False,d2a76fc905be438d8f8833d11e9917ea
505,pick up the black bowl on the cookie box and place it on the plate,pick up the blue bowl,pick up the blue bowl,True,False,b136a49754e64638b539083e71749791
506,pick up the black bowl on the cookie box and place it on the plate,pick up the black bowl,pick up the black bowl,True,False,ecd1263023924e728d43943b196893cf
507,pick up the black bowl on the cookie box and place it on the plate,pick up the black bowl,pick up the black bowl,True,False,db1656fbc6f145d4bde0f68ac523e5b6
508,pick up the black bowl on the cookie box and place it on the plate,pick up the black bowl,pick up the black bowl,True,False,7456ecd41da244639e93874df3845bae
509,pick up the black bowl on the cookie box and place it on the plate,pick up the blue bowl,pick up the blue bowl,True,False,b40a5d9f566444d9a7d782f6a72c03af
510,pick up the black bowl on the cookie box and place it on the plate,pick up the blue bowl,pick up the blue bowl,True,False,914378bc8f044c178f9b19db5ceb4eee
511,pick up the black bowl on the cookie box and place it on the plate,pick up the blue bowl,pick up the blue bowl,True,False,faddab686fc54cd8880687bf389a0963
512,pick up the black bowl on the cookie box and place it on the plate,pick up the blue bowl,pick up the blue bowl,True,False,11430146d3274c6ab9c925ef143ccdd0
513,pick up the black bowl on the cookie box and place it on the plate,pick up the blue bowl,pick up the blue bowl,True,False,ac9a0f2999b14102b31600e3883dff67
514,pick up the black bowl on the cookie box and place it on the plate,pick up the black bowl,pick up the black bowl,True,False,c0bbb8aea28b4479b9e6b2eefabcf261
515,pick up the black bowl on the cookie box and place it on the plate,pick up the blue plate,pick up the blue plate,True,False,23b658e4660448a2925a395094a4d748
516,pick up the black bowl on the cookie box and place it on the plate,pick up the black bowl,pick up the black bowl,True,False,7ac65f4ab1614ef1a281828729a7f09e
517,pick up the black bowl on the cookie box and place it on the plate,pick up the blue bowl,pick up the blue bowl,True,False,dc399202285f4331a56fe16b4a9477f9
518,pick up the black bowl on the cookie box and place it on the plate,pick up the black bowl,pick up the black bowl,True,False,f81a5a2de84740bba0f43b7a8128b3de
519,pick up the black bowl on the cookie box and place it on the plate,pick up the blue plate,pick up the blue plate,True,False,67a3a590711b403aa1612c685cade742
520,pick up the black bowl on the cookie box and place it on the plate,pick up the blue bowl,pick up the blue bowl,True,False,4d57d069b2064a6da19417ed27e7d145
521,pick up the black bowl on the cookie box and place it on the plate,pick up the black bowl,pick up the black bowl,True,False,8b82c5c5dfa846d1a0b0f8d96e361e60
522,pick up the black bowl on the cookie box and place it on the plate,pick up the blue bowl,pick up the blue bowl,True,False,7664a3bf1205499e8f1b7335886cf440
523,pick up the black bowl on the cookie box and place it on the plate,pick up the blue bowl,pick up the blue bowl,True,False,550af7adf3cb46e3b47b47075d7c79e6
524,pick up the black bowl on the cookie box and place it on the plate,pick up the blue bowl,pick up the blue bowl,True,False,a55de6e193ce445eb7985c2df6cbed06
525,pick up the black bowl on the cookie box and place it on the plate,pick up the blue bowl,pick up the blue bowl,True,False,77ea95584818410cb626d5d7a2dcf894
526,pick up the black bowl on the cookie box and place it on the plate,pick up the blue bowl,pick up the blue bowl,True,False,521945b5db1444b9aee09681d076634d
527,pick up the black bowl on the cookie box and place it on the plate,pick up the blue bowl,pick up the blue bowl,True,False,a0b4014f51c44b51bdf51651d54aa6ad
528,pick up the black bowl on the cookie box and place it on the plate,pick up the blue bowl,pick up the blue bowl,True,False,c31d8cef7384463f865a537fbf51364b
529,pick up the black bowl in the top drawer of the wooden cabinet and place it on the plate,pick up the black bowl,pick up the black bowl,True,False,b4288fdaa173493a8c73b14d92ba9500
530,pick up the black bowl in the top drawer of the wooden cabinet and place it on the plate,pick up the black bowl,pick up the black bowl,True,False,3384fa57a63147d0b90cd6e21085aa73
531,pick up the black bowl in the top drawer of the wooden cabinet and place it on the plate,pick up the black bowl,pick up the black bowl,True,False,d93d40d0714c42bf8bdbb728ab392f28
532,pick up the black bowl in the top drawer of the wooden cabinet and place it on the plate,pick up black bowl,pick up black bowl,True,False,04a142a555e1486a9b562aeb78a61478
533,pick up the black bowl in the top drawer of the wooden cabinet and place it on the plate,pick up stainless steel plate,pick up stainless steel plate,True,False,c6849b2bd93d47e4a6bacb278092ea76
534,pick up the black bowl in the top drawer of the wooden cabinet and place it on the plate,pick up the black bowl,pick up the black bowl,True,False,4384e42126d84bfc950d03e4fe039370
535,pick up the black bowl in the top drawer of the wooden cabinet and place it on the plate,pick up the black bowl,pick up the black bowl,True,False,983bc0ffb1d348a29f125d673e4d6727
536,pick up the black bowl in the top drawer of the wooden cabinet and place it on the plate,pick up the black bowl,pick up the black bowl,True,False,2ba09c1a271341aeb0480b0d4d5972d3
537,pick up the black bowl in the top drawer of the wooden cabinet and place it on the plate,pick up the black bowl,pick up the black bowl,True,False,feee6fd09cbf4d7bb2878015d96c8ab5
538,pick up the black bowl in the top drawer of the wooden cabinet and place it on the plate,pick up the black bowl,pick up the black bowl,True,False,f719ca1641c1495d96a11cf8d7b874ce
539,pick up the black bowl in the top drawer of the wooden cabinet and place it on the plate,pick up the black bowl,pick up the black bowl,True,False,7b535b40bab441d89d76d1635521369a
540,pick up the black bowl in the top drawer of the wooden cabinet and place it on the plate,pick up the black bowl,pick up the black bowl,True,False,a15a6c0296c04dc88d1c85d8a0df855f
541,pick up the black bowl in the top drawer of the wooden cabinet and place it on the plate,pick up the black bowl,pick up the black bowl,True,False,4cb73ccd371942bf9c5ca1253d6665b8
542,pick up the black bowl in the top drawer of the wooden cabinet and place it on the plate,pick up bowl,pick up bowl,True,False,f3015aad418348f9ba72735d3ae77615
543,pick up the black bowl in the top drawer of the wooden cabinet and place it on the plate,pick up the black bowl,pick up the black bowl,True,False,e2cf94d9adf94561952c21edfb515462
544,pick up the black bowl in the top drawer of the wooden cabinet and place it on the plate,pick up the black bowl,pick up the black bowl,True,False,d2a12e6d7f914d9891341bc32f10fb1c
545,pick up the black bowl in the top drawer of the wooden cabinet and place it on the plate,pick up the black bowl,pick up the black bowl,True,False,bb9a47f1997141029f0c4f1bcd5a7e1b
546,pick up the black bowl in the top drawer of the wooden cabinet and place it on the plate,pick up the black bowl,pick up the black bowl,True,False,cf4824edf4a34ae7aff98a4b7bf1f40d
547,pick up the black bowl in the top drawer of the wooden cabinet and place it on the plate,pick up the large bowl,pick up the large bowl,True,False,33470f77183b4ef59d02346c9847f6ce
548,pick up the black bowl in the top drawer of the wooden cabinet and place it on the plate,pick up the black bowl,pick up the black bowl,True,False,1a52f3daefe94fa0b7bf8f4ae9e2a7e6
549,pick up the black bowl in the top drawer of the wooden cabinet and place it on the plate,pick up the black bowl,pick up the black bowl,True,False,78d99420470c4a5f9e5539fb47f4043b
550,pick up the black bowl in the top drawer of the wooden cabinet and place it on the plate,pick up the round blue container,pick up the round blue container,True,False,7e60e9f9ddc14b79b0f03727d4235f3f
551,pick up the black bowl in the top drawer of the wooden cabinet and place it on the plate,pick up the stainless button,pick up the stainless button,True,False,4e70c7e6002348ec9e518688058128bd
552,pick up the black bowl in the top drawer of the wooden cabinet and place it on the plate,pick up the round black container,pick up the round black container,True,False,0de5f24696e24581a4a91fe8bc72d720
553,pick up the black bowl in the top drawer of the wooden cabinet and place it on the plate,pick up the black bowl,pick up the black bowl,True,False,395ff9a1b6da44b18144e5fb6b8c589f
554,pick up the black bowl in the top drawer of the wooden cabinet and place it on the plate,pick up the black bowl,pick up the black bowl,True,False,02eecc8e20af4de2ba58e8794124578c
555,pick up the black bowl in the top drawer of the wooden cabinet and place it on the plate,pick up bowl,pick up bowl,True,False,c49fed7e3a7e4c738c0fd56d6bebee18
556,pick up the black bowl in the top drawer of the wooden cabinet and place it on the plate,pick up bowl,pick up bowl,True,False,84e42cb47d0d42039175d0d0a34fbcb2
557,pick up the black bowl in the top drawer of the wooden cabinet and place it on the plate,pick up bowl,pick up bowl,True,False,3fc9f68cf5ce4716b89ec6f5cdea23fd
558,pick up the black bowl in the top drawer of the wooden cabinet and place it on the plate,pick up bowl,pick up bowl,True,False,0ea4bb1aa93f48a3b005eeca11d70aea
559,pick up the black bowl in the top drawer of the wooden cabinet and place it on the plate,pick up bowl,pick up bowl,True,False,635b475c80784351ae144de165e052f6
560,pick up the black bowl in the top drawer of the wooden cabinet and place it on the plate,pick up the large bowl,pick up the large bowl,True,False,36ef805a128846f2937ae436c06f22ce
561,pick up the black bowl in the top drawer of the wooden cabinet and place it on the plate,pick up the black bowl,pick up the black bowl,True,False,73cf5681bf5945788df89a407db36cef
562,pick up the black bowl in the top drawer of the wooden cabinet and place it on the plate,pick up the black bowl,pick up the black bowl,True,False,6be8773580e647408b2cbdd9ee2e9a2b
563,pick up the black bowl in the top drawer of the wooden cabinet and place it on the plate,pick up the black bowl,pick up the black bowl,True,False,cabc734e29384732a50e93e9a1b769af
564,pick up the black bowl in the top drawer of the wooden cabinet and place it on the plate,pick up the large plate,pick up the large plate,True,False,003df915045d4427881cc8f1ac2af078
565,pick up the black bowl in the top drawer of the wooden cabinet and place it on the plate,pick up the large plate,pick up the large plate,True,False,ceeacff59dc44b77a35ea973750f881c
566,pick up the black bowl in the top drawer of the wooden cabinet and place it on the plate,pick up the black bowl,pick up the black bowl,True,False,9da620b2b6e446e6afa47b0b45f65f6b
567,pick up the black bowl in the top drawer of the wooden cabinet and place it on the plate,pick up the black bowl,pick up the black bowl,True,False,b1b4607e99ce43e286f6ac59c732cc05
568,pick up the black bowl in the top drawer of the wooden cabinet and place it on the plate,pick up the black bowl,pick up the black bowl,True,False,09572fe9610145f68d71c21b541d3807
569,pick up the black bowl in the top drawer of the wooden cabinet and place it on the plate,pick up the black bowl,pick up the black bowl,True,False,266d4c4b812143d7a59abeace3e0c915
570,pick up the black bowl in the top drawer of the wooden cabinet and place it on the plate,pick up bowl,pick up bowl,True,False,3f2cb571258143d9823c0a5040b6d93f
571,pick up the black bowl in the top drawer of the wooden cabinet and place it on the plate,pick up bowl,pick up bowl,True,False,d2b4ab760d6e4fcbbd7ce72f3d9d263c
572,pick up the black bowl in the top drawer of the wooden cabinet and place it on the plate,pick up bowl,pick up bowl,True,False,80415401e4bd457da7e438c5bfa348d2
573,pick up the black bowl in the top drawer of the wooden cabinet and place it on the plate,pick up the black bowl,pick up the black bowl,True,False,2f458110504948fdad519d7f178eaef1
574,pick up the black bowl in the top drawer of the wooden cabinet and place it on the plate,pick up stainless steel plate,pick up stainless steel plate,True,False,fc4416cf0aac4fd69d2b927e2313194d
575,pick up the black bowl in the top drawer of the wooden cabinet and place it on the plate,pick up stainless steel plate,pick up stainless steel plate,True,False,3ee6c4a910c347d680ce180ab54312be
576,pick up the black bowl in the top drawer of the wooden cabinet and place it on the plate,pick up the black bowl,pick up the black bowl,True,False,d09f379d0c094aa899bfc8b2d9bfa454
577,pick up the black bowl in the top drawer of the wooden cabinet and place it on the plate,pick up the black bowl,pick up the black bowl,True,False,6d65b25b33bf4e08a2f5c9fcc4fbd02b
578,pick up the black bowl in the top drawer of the wooden cabinet and place it on the plate,pick up the black bowl,pick up the black bowl,True,False,f5922be96c574e96938ced56dda73ce6
579,pick up the black bowl in the top drawer of the wooden cabinet and place it on the plate,pick up the round black container,pick up the round black container,True,False,5fda2dad53a34f4c9153c6e0f03fb9a8
580,pick up the black bowl in the top drawer of the wooden cabinet and place it on the plate,pick up the black bowl,pick up the black bowl,True,False,431340e4e47f4240802cfcfb79bd7c22
581,pick up the black bowl in the top drawer of the wooden cabinet and place it on the plate,pick up the black bowl,pick up the black bowl,True,False,1134eb26238e487c82c5325397162217
582,pick up the black bowl in the top drawer of the wooden cabinet and place it on the plate,pick up the black bowl,pick up the black bowl,True,False,88f857b9fcfd4e59a232b2ed8605c49a
583,pick up the black bowl in the top drawer of the wooden cabinet and place it on the plate,pick up the black bowl,pick up the black bowl,True,False,329c974edc9840f59406cbdf0cd138fc
584,pick up the black bowl in the top drawer of the wooden cabinet and place it on the plate,pick up the black bowl,pick up the black bowl,True,False,7e96618a58a74628bb39f07f8a2f0e63
585,pick up the black bowl in the top drawer of the wooden cabinet and place it on the plate,pick up the round black container,pick up the round black container,True,False,080382d456444eb6b4e623464fd6da13
586,pick up the black bowl in the top drawer of the wooden cabinet and place it on the plate,pick up the black bowl,pick up the black bowl,True,False,2f78ca34e8ab40dfb287b88ff5316105
587,pick up the black bowl in the top drawer of the wooden cabinet and place it on the plate,pick up the black bowl,pick up the black bowl,True,False,640e30b4f980438eafaac9ee2fe2aff1
588,pick up the black bowl in the top drawer of the wooden cabinet and place it on the plate,pick up the bowl,pick up the bowl,True,False,3a6d368488ac4656a1f372cfc4ece433
589,pick up the black bowl in the top drawer of the wooden cabinet and place it on the plate,pick up bowl,pick up bowl,True,False,02025292cef349e492736845ac2dfcd2
590,pick up the black bowl in the top drawer of the wooden cabinet and place it on the plate,pick up bowl,pick up bowl,True,False,5d8a537a05404b10a18737fc8bcbc3d5
591,pick up the black bowl in the top drawer of the wooden cabinet and place it on the plate,pick up bowl,pick up bowl,True,False,dc6e88628b44415ca46d2a759ab9a7a7
592,pick up the black bowl in the top drawer of the wooden cabinet and place it on the plate,pick up bowl,pick up bowl,True,False,be9aeba683ff426aaec94e13774542d5
593,pick up the black bowl in the top drawer of the wooden cabinet and place it on the plate,pick up bowl,pick up bowl,True,False,91553bcec2f8472f8ce9e90c70170913
594,pick up the black bowl in the top drawer of the wooden cabinet and place it on the plate,pick up bowl,pick up bowl,True,False,4267121fdc1a459ab0b41523c77431fd
595,pick up the black bowl in the top drawer of the wooden cabinet and place it on the plate,pick up bowl,pick up bowl,True,False,b13b51d803a74bc88f3343d3cba8aedc
596,pick up the black bowl in the top drawer of the wooden cabinet and place it on the plate,pick up bowl,pick up bowl,True,False,f77b75a649b141aeb5d12a9cc9a52176
597,pick up the black bowl in the top drawer of the wooden cabinet and place it on the plate,pick up the black bowl,pick up the black bowl,True,False,0e8be9ba549e428bb6650a7095d2bd6b
598,pick up the black bowl in the top drawer of the wooden cabinet and place it on the plate,pick up the black bowl,pick up the black bowl,True,False,813ae580845d46a1afc827988af99851
599,pick up the black bowl in the top drawer of the wooden cabinet and place it on the plate,pick up the black bowl,pick up the black bowl,True,False,3bca7f698f1f44fbba09dda54254d8bc
600,pick up the black bowl in the top drawer of the wooden cabinet and place it on the plate,pick up the black bowl,pick up the black bowl,True,False,5fcfee552a7f4d95a3bd4ba2e083820c
601,pick up the black bowl in the top drawer of the wooden cabinet and place it on the plate,pick up the black bowl,pick up the black bowl,True,False,b54b8b11b88848b9bfa01101c53f893e
602,pick up the black bowl in the top drawer of the wooden cabinet and place it on the plate,pick up bowl,pick up bowl,True,False,634fcb77f1a94e938e54e5c5f6b6783d
603,pick up the black bowl in the top drawer of the wooden cabinet and place it on the plate,pick up the large bowl,pick up the large bowl,True,False,091abf710f644119ad450af6a479d65a
604,pick up the black bowl in the top drawer of the wooden cabinet and place it on the plate,pick up the large bowl,pick up the large bowl,True,False,f75184fab2484da9973b8c298446ca4e
605,pick up the black bowl in the top drawer of the wooden cabinet and place it on the plate,pick up the black bowl,pick up the black bowl,True,False,07b4cc2a1c5941deb51174e93049dde0
606,pick up the black bowl in the top drawer of the wooden cabinet and place it on the plate,pick up the black bowl,pick up the black bowl,True,False,4a55a835f12e47d48db04e7b967ace01
607,pick up the black bowl in the top drawer of the wooden cabinet and place it on the plate,pick up the large bowl,pick up the large bowl,True,False,00b5bf170ab0486187c66f564244872a
608,pick up the black bowl in the top drawer of the wooden cabinet and place it on the plate,pick up the black bowl,pick up the black bowl,True,False,113320d0c7bb429ba9e6fcd327ae6180
609,pick up the black bowl in the top drawer of the wooden cabinet and place it on the plate,pick up the black bowl,pick up the black bowl,True,False,ee7e73aa4bb047a8866bfced77c4961c
610,pick up the black bowl in the top drawer of the wooden cabinet and place it on the plate,pick up the black bowl,pick up the black bowl,True,False,ea391d82f2e84fb7a6f59114f31a813e
611,pick up the black bowl in the top drawer of the wooden cabinet and place it on the plate,pick up bowl,pick up bowl,True,False,5599461798be4768a4941ecb89a42da7
612,pick up the black bowl in the top drawer of the wooden cabinet and place it on the plate,pick up the black bowl,pick up the black bowl,True,False,3f542d6ec5244863853705b2bcbc1e1b
613,pick up the black bowl in the top drawer of the wooden cabinet and place it on the plate,pick up bowl,pick up bowl,True,False,b2586f3694bc44398937355e184283ae
614,pick up the black bowl in the top drawer of the wooden cabinet and place it on the plate,pick up the black bowl,pick up the black bowl,True,False,57846b00829f4c99a7bc4136bb067d3a
615,pick up the black bowl in the top drawer of the wooden cabinet and place it on the plate,pick up the black bowl,pick up the black bowl,True,False,87aad46f692c46bc94600a2907988ccf
616,pick up the black bowl in the top drawer of the wooden cabinet and place it on the plate,pick up bowl,pick up bowl,True,False,f9db36a4083244678c8bae4e01fa8063
617,pick up the black bowl in the top drawer of the wooden cabinet and place it on the plate,pick up the black bowl,pick up the black bowl,True,False,2758cf95612a453bbce60368f8f1a3ec
618,pick up the black bowl in the top drawer of the wooden cabinet and place it on the plate,pick up the black bowl,pick up the black bowl,True,False,a61cb27484014081a0034d2a35273332
619,pick up the black bowl in the top drawer of the wooden cabinet and place it on the plate,pick up the black bowl,pick up the black bowl,True,False,8f3d26f856674a9a9efa1ec991e58d1e
620,pick up the black bowl in the top drawer of the wooden cabinet and place it on the plate,pick up the black bowl,pick up the black bowl,True,False,fe0ab471cfd347a4b62c894538239849
621,pick up the black bowl in the top drawer of the wooden cabinet and place it on the plate,pick up the black bowl,pick up the black bowl,True,False,c8979a2684c34388b18a8ce7f8e24cb8
622,pick up the black bowl in the top drawer of the wooden cabinet and place it on the plate,pick up the black bowl,pick up the black bowl,True,False,cc7c61a1fe30431e97905593028a8dd0
623,pick up the black bowl in the top drawer of the wooden cabinet and place it on the plate,pick up the black bowl,pick up the black bowl,True,False,ea8b899758354e7ba9d876fc6105f2f0
624,pick up the black bowl in the top drawer of the wooden cabinet and place it on the plate,pick up bowl,pick up bowl,True,False,36f1ed3133ce493d9708e555df30a4e3
625,pick up the black bowl in the top drawer of the wooden cabinet and place it on the plate,pick up bowl,pick up bowl,True,False,457f8d123fc44c5d8984d8abe116c09d
626,pick up the black bowl in the top drawer of the wooden cabinet and place it on the plate,pick up the black bowl,pick up the black bowl,True,False,e6d30df5eb704facb386d209c62eb59f
627,pick up the black bowl in the top drawer of the wooden cabinet and place it on the plate,pick up the black bowl,pick up the black bowl,True,False,00f9bf8afd924cc3a06e34dab7f9dbb1
628,pick up the black bowl in the top drawer of the wooden cabinet and place it on the plate,pick up the large bowl,pick up the large bowl,True,False,6357162725f14ee4befb71798d4c2f2a
629,pick up the black bowl in the top drawer of the wooden cabinet and place it on the plate,pick up the black bowl,pick up the black bowl,True,False,1b95e884520e497683b4ab042ad00459
630,pick up the black bowl in the top drawer of the wooden cabinet and place it on the plate,pick up the black bowl,pick up the black bowl,True,False,1809216bbdcc44f88a11d0f695fd0753
631,pick up the black bowl in the top drawer of the wooden cabinet and place it on the plate,pick up the black bowl,pick up the black bowl,True,False,7fd13eb9f5334dad805936cc985fc18f
632,pick up the black bowl in the top drawer of the wooden cabinet and place it on the plate,pick up the large bowl,pick up the large bowl,True,False,a960b3c9653b40809263c59291622537
633,pick up the black bowl in the top drawer of the wooden cabinet and place it on the plate,pick up the black bowl,pick up the black bowl,True,False,d81f2d9b381a4092b5b28123cec20de1
634,pick up the black bowl in the top drawer of the wooden cabinet and place it on the plate,pick up the black bowl,pick up the black bowl,True,False,23f9d70132ae4011acbe5d4642d3cb8a
635,pick up the black bowl in the top drawer of the wooden cabinet and place it on the plate,pick up the black bowl,pick up the black bowl,True,False,221c0b53ad41482bb7f994126ed34a1c
636,pick up the black bowl in the top drawer of the wooden cabinet and place it on the plate,pick up the black bowl,pick up the black bowl,True,False,7e348b03068f469498791966ec146bbe
637,pick up the black bowl in the top drawer of the wooden cabinet and place it on the plate,pick up the black bowl,pick up the black bowl,True,False,cb11485372e241dab7de8295389d3b22
638,pick up the black bowl in the top drawer of the wooden cabinet and place it on the plate,pick up bowl,pick up bowl,True,False,0bfd2492376d4de1a7eabd61c8310dd7
639,pick up the black bowl in the top drawer of the wooden cabinet and place it on the plate,pick up bowl,pick up bowl,True,False,e9f766178ac3470097f4531a16b2e829
640,pick up the black bowl in the top drawer of the wooden cabinet and place it on the plate,pick up bowl,pick up bowl,True,False,142c8c7b7d9d4ababaee8ecd6b785866
641,pick up the black bowl in the top drawer of the wooden cabinet and place it on the plate,pick up bowl,pick up bowl,True,False,647e687b54f34d5b93888606ca3ca8aa
642,pick up the black bowl in the top drawer of the wooden cabinet and place it on the plate,pick up bowl,pick up bowl,True,False,6ad0a212987342efbc879957ff2faa69
643,pick up the black bowl in the top drawer of the wooden cabinet and place it on the plate,pick up bowl,pick up bowl,True,False,a8baee03ebcb4fc489f762764b8faf72
644,pick up the black bowl in the top drawer of the wooden cabinet and place it on the plate,pick up bowl,pick up bowl,True,False,20c50dc3d10349f1a80b045d9442450e
645,pick up the black bowl in the top drawer of the wooden cabinet and place it on the plate,pick up the black bowl,pick up the black bowl,True,False,3282d31a2207456d829007c6bc7532ee
646,pick up the black bowl in the top drawer of the wooden cabinet and place it on the plate,pick up the black bowl,pick up the black bowl,True,False,4b2b440fb00f47578df9a29b5fb87ad0
647,pick up the black bowl in the top drawer of the wooden cabinet and place it on the plate,pick up bowl,pick up bowl,True,False,6dd6f11d01f04f52afa58b02bca5379d
648,pick up the black bowl in the top drawer of the wooden cabinet and place it on the plate,pick up the black bowl,pick up the black bowl,True,False,18f46be829e14fb3bbf67414ca28f6bc
649,pick up the black bowl in the top drawer of the wooden cabinet and place it on the plate,pick up the black bowl,pick up the black bowl,True,False,b04a094111a14358bd17637747035a0f
650,pick up the black bowl in the top drawer of the wooden cabinet and place it on the plate,pick up stainless steel plate,pick up stainless steel plate,True,False,e267accb8dc5498288db2a5933875430
651,pick up the black bowl in the top drawer of the wooden cabinet and place it on the plate,pick up the black bowl,pick up the black bowl,True,False,0a3c35d8367f47feacd99dc3f53b185e
652,pick up the black bowl in the top drawer of the wooden cabinet and place it on the plate,pick up the black bowl,pick up the black bowl,True,False,fb8bc9ccb0fa468daea0523f7a4fbe39
653,pick up the black bowl in the top drawer of the wooden cabinet and place it on the plate,pick up the black bowl,pick up the black bowl,True,False,7860065bcaaf462fa5fde7dcb0d0a845
654,pick up the black bowl in the top drawer of the wooden cabinet and place it on the plate,pick up the large bowl,pick up the large bowl,True,False,8966e0a10aa44a11b1af78709be6807a
655,pick up the black bowl in the top drawer of the wooden cabinet and place it on the plate,pick up the large plate,pick up the large plate,True,False,9167f3f723674768baab431c7f5f9d2c
656,pick up the black bowl in the top drawer of the wooden cabinet and place it on the plate,pick up stainless bowl,pick up stainless bowl,True,False,8cd0bf17b54a4fdbba5a2293770a75b4
657,pick up the black bowl in the top drawer of the wooden cabinet and place it on the plate,pick up the black bowl,pick up the black bowl,True,False,d5cef10b8ab6464db727b3a79760e8ab
658,pick up the black bowl in the top drawer of the wooden cabinet and place it on the plate,pick up the black bowl,pick up the black bowl,True,False,f1ba8a3de8be4de8b824b90ceb5fda68
659,pick up the black bowl in the top drawer of the wooden cabinet and place it on the plate,pick up the black bowl,pick up the black bowl,True,False,546bb3be08b348ddb63f80a71a7f9995
660,pick up the black bowl in the top drawer of the wooden cabinet and place it on the plate,pick up the black bowl,pick up the black bowl,True,False,0761298e92a5450bb1ce04dda1859b2c
661,pick up the black bowl on the ramekin and place it on the plate,pick up bowl,pick up bowl,True,False,40901a73f933448f808611b3109e9598
662,pick up the black bowl on the ramekin and place it on the plate,"No, not visible","No, not visible",True,False,b8eb721bc63b4deeb79b58469f53e226
663,pick up the black bowl on the ramekin and place it on the plate,pick up bowl,pick up bowl,True,False,c946df8119ae4b0298f546d7a00e9588
664,pick up the black bowl on the ramekin and place it on the plate,pick up the black bowl,pick up the black bowl,True,False,b0fec2b2c202497fb16f3777438de0c0
665,pick up the black bowl on the ramekin and place it on the plate,no movement,no movement,True,False,f95ef7368b77434cb1cffb0c780c3fe4
666,pick up the black bowl on the ramekin and place it on the plate,pick up bowl,pick up bowl,True,False,c5d3a50e9f7c477c8ff6ac32436b63fc
667,pick up the black bowl on the ramekin and place it on the plate,pick up bowl,pick up bowl,True,False,4c2341bcc13d4cc99e25c5961c0c6e43
668,pick up the black bowl on the ramekin and place it on the plate,pick up bowl,pick up bowl,True,False,63a944888ea84bbcae7f3325eae27660
669,pick up the black bowl on the ramekin and place it on the plate,pick up the black bowl,pick up the black bowl,True,False,be2b5edf28bc43b899e532f0a319ff03
670,pick up the black bowl on the ramekin and place it on the plate,pick up the black bowl,pick up the black bowl,True,False,99d09fc4e0db4df8a8c287f99e734117
671,pick up the black bowl on the ramekin and place it on the plate,pick up bowl,pick up bowl,True,False,97d5dd6b25044ac4bdf1157228e97da5
672,pick up the black bowl on the ramekin and place it on the plate,pick up bowl,pick up bowl,True,False,f091ae5629da4c8cbe86950d7ce623da
673,pick up the black bowl on the ramekin and place it on the plate,pick up bowl,pick up bowl,True,False,1ead64d7fe49419db3d8460256bc286e
674,pick up the black bowl on the ramekin and place it on the plate,pick up bowl,pick up bowl,True,False,4e51faf066ff465e89b5a2e048899338
675,pick up the black bowl on the ramekin and place it on the plate,pick up bowl,pick up bowl,True,False,68b8b4397f6b428e82b8d05f41419dac
676,pick up the black bowl on the ramekin and place it on the plate,pick up black bowl,pick up black bowl,True,False,2e22fb65d3864463b388a45860d9e574
677,pick up the black bowl on the ramekin and place it on the plate,pick up black bowl,pick up black bowl,True,False,d529e75263414ea1b63186d6f0a86142
678,pick up the black bowl on the ramekin and place it on the plate,pick up black bowl,pick up black bowl,True,False,166b42934e334a40901f09b44a418909
679,pick up the black bowl on the ramekin and place it on the plate,pick up the black bowl,pick up the black bowl,True,False,a15e3b0664b64babbafb41a805f5a261
680,pick up the black bowl on the ramekin and place it on the plate,"No, there is no black bowl on the plate.","No, there is no black bowl on the plate.",True,False,0ebedace710b48d0a34b95aeecb8c99c
681,pick up the black bowl on the ramekin and place it on the plate,"No, there is no black bowl on the plate.","No, there is no black bowl on the plate.",True,False,d6fbfa37159f4bdd977888e9cf9d9438
682,pick up the black bowl on the ramekin and place it on the plate,"No, there is no black bowl on the matcha dish in the image.","No, there is no black bowl on the matcha dish in the image.",True,False,22af95fbae6f44f9a4bdc6aa610f69b3
683,pick up the black bowl on the ramekin and place it on the plate,"No, there is no black bowl on the plate.","No, there is no black bowl on the plate.",True,False,6eca5b8ac3a6445dadf00909a2e222a1
684,pick up the black bowl on the ramekin and place it on the plate,"No, there is no black bowl on the table in the image.","No, there is no black bowl on the table in the image.",True,False,d07e88e4a5214d399ec5eaf87bb2d7f4
685,pick up the black bowl on the ramekin and place it on the plate,"No, there is no black bowl on the matcha dish in the image.","No, there is no black bowl on the matcha dish in the image.",True,False,6321ed47174a46a1b1ac8333e073a3f9
686,pick up the black bowl on the ramekin and place it on the plate,"No, there is no black bowl on the plate.","No, there is no black bowl on the plate.",True,False,38f28d419171449aa89008102a76c665
687,pick up the black bowl on the ramekin and place it on the plate,"No, there is no black bowl on the plate in this image. The image","No, there is no black bowl on the plate in this image. The image",False,True,e578a563fcec4d3098d12efb790e4412
688,pick up the black bowl on the ramekin and place it on the plate,pick up the black bowl,pick up the black bowl,True,False,5ee8c068f6ce44f1b27c11d831020f73
689,pick up the black bowl on the ramekin and place it on the plate,pick up bowl,pick up bowl,True,False,829abdcc14bf45cba8e50bffd97edffe
690,pick up the black bowl on the ramekin and place it on the plate,pick up the black bowl,pick up the black bowl,True,False,eabebde19f88458b941510656f306923
691,pick up the black bowl on the ramekin and place it on the plate,pick up the black bowl,pick up the black bowl,True,False,75964e1478de4f13b5134feb5caf3d13
692,pick up the black bowl on the ramekin and place it on the plate,pick up the black bowl,pick up the black bowl,True,False,9fd7c1bb87ea402a8be03977543fae51
693,pick up the black bowl on the ramekin and place it on the plate,pick up bowl,pick up bowl,True,False,7b5f9558ed9b454a81f159bf024ee385
694,pick up the black bowl on the ramekin and place it on the plate,pick up bowl,pick up bowl,True,False,e96cb296ebc64931b227d589b6379ed6
695,pick up the black bowl on the ramekin and place it on the plate,pick up bowl,pick up bowl,True,False,26c5a25a85d142848a137f1c61750361
696,pick up the black bowl on the ramekin and place it on the plate,pick up the black bowl,pick up the black bowl,True,False,78b786bb63c94da69ad3552a959ac96b
697,pick up the black bowl on the ramekin and place it on the plate,pick up the black bowl,pick up the black bowl,True,False,c22e0334aecd42e189e1528715878849
698,pick up the black bowl on the ramekin and place it on the plate,pick up the black bowl,pick up the black bowl,True,False,5be18036d06a4e91b7cd755e48f2564b
699,pick up the black bowl on the ramekin and place it on the plate,pick up the black bowl,pick up the black bowl,True,False,f23fedf316a54fd6aac3017b650e432e
700,pick up the black bowl on the ramekin and place it on the plate,pick up the black bowl,pick up the black bowl,True,False,16a7f3c2d6b7422ab8ad77dbf98bfc57
701,pick up the black bowl on the ramekin and place it on the plate,pick up the black bowl,pick up the black bowl,True,False,5b3fe516675e4d5f8b93af556a13a380
702,pick up the black bowl on the ramekin and place it on the plate,pick up the black bowl,pick up the black bowl,True,False,4aa12c48aed0468498db0918c8973088
703,pick up the black bowl on the ramekin and place it on the plate,pick up black bowl,pick up black bowl,True,False,9e02dbb2ad59420aa335635c714dc09d
704,pick up the black bowl on the ramekin and place it on the plate,pick up bowl,pick up bowl,True,False,044a6a78744e4fdd8677176849238d67
705,pick up the black bowl on the ramekin and place it on the plate,pick up bowl,pick up bowl,True,False,21e34cb5bb104bc9847f7da3091ef41e
706,pick up the black bowl on the ramekin and place it on the plate,pick up the black bowl,pick up the black bowl,True,False,567924ef19914d9a9800e1c23d469886
707,pick up the black bowl on the ramekin and place it on the plate,pick up the black bowl,pick up the black bowl,True,False,7224a555ebd14ee9a6e53545028c8ff3
708,pick up the black bowl on the ramekin and place it on the plate,pick up bowl,pick up bowl,True,False,29de16bcf89c49cc97d0b70ae11d48bd
709,pick up the black bowl on the ramekin and place it on the plate,pick up the black bowl,pick up the black bowl,True,False,427e4757cd114951833b407a8eae7a99
710,pick up the black bowl on the ramekin and place it on the plate,pick up black bowl,pick up black bowl,True,False,a813de70def9416f95a325dbafca4e78
711,pick up the black bowl on the ramekin and place it on the plate,pick up bowl,pick up bowl,True,False,8049b06f064040e4ada0925a6c027f26
712,pick up the black bowl on the ramekin and place it on the plate,pick up bowl,pick up bowl,True,False,b843247a4d974b74bb3076353dd7607b
713,pick up the black bowl on the ramekin and place it on the plate,pick up bowl,pick up bowl,True,False,a2179f0132f04d69a7cf704a01c90bc1
714,pick up the black bowl on the ramekin and place it on the plate,pick up black bowl,pick up black bowl,True,False,713f7f97b03440e58b6b71e830855996
715,pick up the black bowl on the ramekin and place it on the plate,pick up bowl,pick up bowl,True,False,fedfe39da5184817b3249c099ae9de7e
716,pick up the black bowl on the ramekin and place it on the plate,pick up bowl,pick up bowl,True,False,1de83036aeea4ecc884c7281c3f8c854
717,pick up the black bowl on the ramekin and place it on the plate,pick up black bowl,pick up black bowl,True,False,4270475d6c2a4d99913b3f4ff35a7e3d
718,pick up the black bowl on the ramekin and place it on the plate,pick up bowl,pick up bowl,True,False,6eb437765edf4217adede00a4de129d8
719,pick up the black bowl on the ramekin and place it on the plate,pick up the black bowl,pick up the black bowl,True,False,92658ce225404ad58a79bffda147a107
720,pick up the black bowl on the ramekin and place it on the plate,pick up the black bowl,pick up the black bowl,True,False,6400fb7c4ccd4ba1a4b72afe3016cdfd
721,pick up the black bowl on the ramekin and place it on the plate,pick up bowl,pick up bowl,True,False,aeccd23e636640599935b99dd5d42b96
722,pick up the black bowl on the ramekin and place it on the plate,pick up the black bowl,pick up the black bowl,True,False,fc2a76c908774afc9b354a928d5e501c
723,pick up the black bowl on the ramekin and place it on the plate,pick up the black bowl,pick up the black bowl,True,False,102272ce0ef54681b636bc81fb163679
724,pick up the black bowl on the ramekin and place it on the plate,pick up the black bowl,pick up the black bowl,True,False,315559bed9444e7fb9364c21bd5c82f8
725,pick up the black bowl on the ramekin and place it on the plate,pick up the black bowl,pick up the black bowl,True,False,d6f41478683b476fbba2c6650aa651ff
726,pick up the black bowl on the ramekin and place it on the plate,pick up bowl,pick up bowl,True,False,43c61b0ff60c400193837fb4297b79ad
727,pick up the black bowl on the ramekin and place it on the plate,pick up bowl,pick up bowl,True,False,28f211a9216440298850d44608e17c1f
728,pick up the black bowl on the ramekin and place it on the plate,pick up bowl,pick up bowl,True,False,f0d3fce9a7d846e6affdb2be94ba079a
729,pick up the black bowl on the ramekin and place it on the plate,pick up the black bowl,pick up the black bowl,True,False,55f42c7251de4507b6b0e43430fa0628
730,pick up the black bowl on the ramekin and place it on the plate,pick up bowl,pick up bowl,True,False,14dc013baec94b8c9fb6f67df860dfee
731,pick up the black bowl on the ramekin and place it on the plate,pick up bowl,pick up bowl,True,False,dc252a64d09148de925878a167f95da3
732,pick up the black bowl on the ramekin and place it on the plate,pick up black bowl,pick up black bowl,True,False,b70dc8904d8a487fb1d48e7bac8d9bb7
733,pick up the black bowl on the ramekin and place it on the plate,pick up bowl,pick up bowl,True,False,bb4bb5653c4d4399b8e18357da220528
734,pick up the black bowl on the ramekin and place it on the plate,pick up the black bowl,pick up the black bowl,True,False,44e8de22fa8d4a48a914eac4b8394453
735,pick up the black bowl on the ramekin and place it on the plate,pick up the black bowl,pick up the black bowl,True,False,f31e0f4db9764df99fc6751c1990e077
736,pick up the black bowl on the ramekin and place it on the plate,pick up the black bowl,pick up the black bowl,True,False,04619c4794bf4ce2b45953bc794c2e14
737,pick up the black bowl on the ramekin and place it on the plate,pick up the black bowl,pick up the black bowl,True,False,721a5750a5b4433b9249567fda2a2f0e
738,pick up the black bowl on the ramekin and place it on the plate,pick up the black bowl,pick up the black bowl,True,False,eb58d25134f34322a09a2b7199a44362
739,pick up the black bowl on the ramekin and place it on the plate,pick up the black bowl,pick up the black bowl,True,False,f4002afe131142968b383be0f5ff5e54
740,pick up the black bowl on the ramekin and place it on the plate,place the bowl on the table,place the bowl on the table,True,False,561dc8a818d74e368f004495e7473770
741,pick up the black bowl on the ramekin and place it on the plate,pick up bowl,pick up bowl,True,False,58cdde98201a483cb02eb93ffcf6a338
742,pick up the black bowl on the ramekin and place it on the plate,pick up the black bowl,pick up the black bowl,True,False,6ab1161fabc34aad897831b871cc77c6
743,pick up the black bowl on the ramekin and place it on the plate,pick up bowl,pick up bowl,True,False,887182c34a73441e98183c73bf480f40
744,pick up the black bowl on the ramekin and place it on the plate,pick up bowl,pick up bowl,True,False,a2d6e757e8e046649a7d1225ab9f7629
745,pick up the black bowl on the ramekin and place it on the plate,pick up bowl,pick up bowl,True,False,8b90e0a2f39f429982cd87daf4ccb21f
746,pick up the black bowl on the ramekin and place it on the plate,pick up bowl,pick up bowl,True,False,8924f83d9a51467db912144d70c20818
747,pick up the black bowl on the ramekin and place it on the plate,pick up bowl,pick up bowl,True,False,e187aa05333c4e6495fa816cebae0fde
748,pick up the black bowl on the ramekin and place it on the plate,pick up bowl,pick up bowl,True,False,a083bf7ec1834ed9ad8973ec2c6e3472
749,pick up the black bowl on the ramekin and place it on the plate,pick up the black bowl,pick up the black bowl,True,False,a90f239d091c4edc943fe11151e60f8e
750,pick up the black bowl on the ramekin and place it on the plate,pick up bowl,pick up bowl,True,False,8fd47b6ac76a40d6b0d415c8fe3da11f
751,pick up the black bowl on the ramekin and place it on the plate,pick up bowl,pick up bowl,True,False,8ff0f9bcc2b241a9b52dcd244fac3dde
752,pick up the black bowl on the ramekin and place it on the plate,pick up bowl,pick up bowl,True,False,0c14fe2748e34c4db5592b33a0215e67
753,pick up the black bowl on the ramekin and place it on the plate,pick up bowl,pick up bowl,True,False,191a273a9f6b41c9b3d033b6638c3a70
754,pick up the black bowl on the ramekin and place it on the plate,pick up bowl,pick up bowl,True,False,7eba9d3769aa4ee78565d2c5c96392e0
755,pick up the black bowl on the ramekin and place it on the plate,pick up bowl,pick up bowl,True,False,609fbfe587cd4116aa69f22ddb17dc7b
756,pick up the black bowl on the ramekin and place it on the plate,pick up bowl,pick up bowl,True,False,4a1b6863e7374f3ab73633ee9ec1ee98
757,pick up the black bowl on the ramekin and place it on the plate,pick up bowl,pick up bowl,True,False,6ad7de0d08bb492aaaf958ebd02e99fa
758,pick up the black bowl on the ramekin and place it on the plate,pick up bowl,pick up bowl,True,False,93d7ddb717004b1d877c135126386154
759,pick up the black bowl on the ramekin and place it on the plate,pick up bowl,pick up bowl,True,False,3d1059daa172490e914bdf246b9a5a67
760,pick up the black bowl on the ramekin and place it on the plate,pick up bowl,pick up bowl,True,False,eaea4a048bc2463d9cf2681fe8e1710c
761,pick up the black bowl on the ramekin and place it on the plate,pick up bowl,pick up bowl,True,False,f4e1f311fdb544908003382eefce9094
762,pick up the black bowl on the ramekin and place it on the plate,pick up bowl,pick up bowl,True,False,a602e94219414824b3faa59a6bdd02f3
763,pick up the black bowl on the ramekin and place it on the plate,pick up bowl,pick up bowl,True,False,05ed5569eaa04b35a131285388d2c3bf
764,pick up the black bowl on the ramekin and place it on the plate,pick up bowl,pick up bowl,True,False,0bd7f6665d564f0a825bf7713e1b5de9
765,pick up the black bowl on the ramekin and place it on the plate,pick up bowl,pick up bowl,True,False,23991156ccc14e4ca8c280cc3317a567
766,pick up the black bowl on the ramekin and place it on the plate,pick up bowl,pick up bowl,True,False,421ec96c79864f27b2fc8eb1823e6a05
767,pick up the black bowl on the ramekin and place it on the plate,pick up bowl,pick up bowl,True,False,bd13b94a540a4ab3a6f4759ec68f065e
768,pick up the black bowl on the ramekin and place it on the plate,pick up bowl,pick up bowl,True,False,a87e4de232b6428d91460e47d53ae1ad
769,pick up the black bowl on the ramekin and place it on the plate,pick up bowl,pick up bowl,True,False,34e6b7fe4c784388bac550f7032ad142
770,pick up the black bowl on the ramekin and place it on the plate,pick up bowl,pick up bowl,True,False,c858c6f1d8354208a653f2c02122ad93
771,pick up the black bowl on the ramekin and place it on the plate,pick up bowl,pick up bowl,True,False,4711160069894172b051c07e9cedc636
772,pick up the black bowl on the ramekin and place it on the plate,pick up bowl,pick up bowl,True,False,f26d34b4e45f41d8aeea8eff76601d89
773,pick up the black bowl on the ramekin and place it on the plate,pick up bowl,pick up bowl,True,False,cd75e9e1c80b4476902cf00e6b4b3c4b
774,pick up the black bowl on the ramekin and place it on the plate,pick up bowl,pick up bowl,True,False,7bc736fd1e6d4197b2685e74df42ae86
775,pick up the black bowl on the ramekin and place it on the plate,pick up the black bowl,pick up the black bowl,True,False,1a4dbc8dc4834fef9680a36addd9b448
776,pick up the black bowl on the ramekin and place it on the plate,pick up bowl,pick up bowl,True,False,b7e3cfe8b305462abbceb215895db1c3
777,pick up the black bowl on the ramekin and place it on the plate,pick up bowl,pick up bowl,True,False,01f104f922814a358e4ede6a6ee63058
778,pick up the black bowl on the ramekin and place it on the plate,pick up bowl,pick up bowl,True,False,119e053da95745f29825b4cf87929cfa
779,pick up the black bowl on the ramekin and place it on the plate,pick up bowl,pick up bowl,True,False,e767251897134adfb2313dbafcc2c160
780,pick up the black bowl on the ramekin and place it on the plate,The black bowl on the ramekin is placed on the plate.,The black bowl on the ramekin is placed on the plate.,True,False,50cbe32c24404a91a19067fe3b2c92b4
781,pick up the black bowl on the ramekin and place it on the plate,pick up bowl,pick up bowl,True,False,98e6c964ed5e4ea59c16ee793022e6a4
782,pick up the black bowl on the ramekin and place it on the plate,pick up bowl,pick up bowl,True,False,be08b674312f499b93dc757fbc92bab8
783,pick up the black bowl on the ramekin and place it on the plate,pick up bowl,pick up bowl,True,False,5636767ae5c5445e922941598d618aa5
784,pick up the black bowl on the ramekin and place it on the plate,pick up the black bowl,pick up the black bowl,True,False,2d6ff39ca8b343b4a5d48210e51ea5be
785,pick up the black bowl on the ramekin and place it on the plate,pick up the black bowl,pick up the black bowl,True,False,4f6f10109f2549b9aaabe38aeb5a7293
786,pick up the black bowl on the ramekin and place it on the plate,The image shows a black bowl on the left side of the image. It appears,The image shows a black bowl on the left side of the image. It appears,False,True,900756bb0cd649aeb3d157f2d842a649
787,pick up the black bowl on the ramekin and place it on the plate,pick up bowl,pick up bowl,True,False,9a372ec319ce4362a0db9a94cf6edd86
788,pick up the black bowl on the ramekin and place it on the plate,The image shows a black bowl on the left side of the image. It',The image shows a black bowl on the left side of the image. It',False,True,3cc43e0fbdf445ef9790e143ee28b6a6
789,pick up the black bowl on the ramekin and place it on the plate,pick up the black bowl,pick up the black bowl,True,False,98f3088a0d684fc5a0847afa8d1bc80e
790,pick up the black bowl on the ramekin and place it on the plate,pick up the black bowl,pick up the black bowl,True,False,58f05a60881a456a95785ee58a724804
791,pick up the black bowl on the ramekin and place it on the plate,pick up the black bowl,pick up the black bowl,True,False,d8d638cccbf5462b8ec56361af6d2846
792,pick up the black bowl on the ramekin and place it on the plate,pick up the black bowl,pick up the black bowl,True,False,b65f60f9d5c34408af04b4a70ee85cbe
793,pick up the black bowl next to the cookie box and place it on the plate,pick up the black bowl,pick up the black bowl,True,False,b98f6d9446b34a80b15c48eca7a224a9
794,pick up the black bowl next to the cookie box and place it on the plate,pick up bowl,pick up bowl,True,False,42bfeb25663747d2abbc952c40f1ede3
795,pick up the black bowl next to the cookie box and place it on the plate,pick up the black bowl,pick up the black bowl,True,False,87349cc31e434a33b1758d8251cdc5b5
796,pick up the black bowl next to the cookie box and place it on the plate,pick up stainless bowl,pick up stainless bowl,True,False,ce9f520964af43ec9f14ff33732698f1
797,pick up the black bowl next to the cookie box and place it on the plate,pick up the black bowl,pick up the black bowl,True,False,41f51ec104de40a193238c8e35120d90
798,pick up the black bowl next to the cookie box and place it on the plate,pick up small plate,pick up small plate,True,False,005fea42ed1d4d95b1914d4fa6910051
799,pick up the black bowl next to the cookie box and place it on the plate,pick up the black bowl,pick up the black bowl,True,False,6caa6b4121e140018e098c9e15f821ad
800,pick up the black bowl next to the cookie box and place it on the plate,pick up bowl,pick up bowl,True,False,7ed8ad3b2e2340d39594efa59baabc30
801,pick up the black bowl next to the cookie box and place it on the plate,pick up the black bowl,pick up the black bowl,True,False,0b5be89f68dc4a2f8388e3064938d1c9
802,pick up the black bowl next to the cookie box and place it on the plate,pick up the black bowl,pick up the black bowl,True,False,a910fdc12b644a76920644d7d7ae3095
803,pick up the black bowl next to the cookie box and place it on the plate,pick up stainless steel bowl,pick up stainless steel bowl,True,False,606cce2be27f4b8299aea6b282145387
804,pick up the black bowl next to the cookie box and place it on the plate,pick up bowl,pick up bowl,True,False,7a1a7fc369fd4eeb877e5b1f150ed301
805,pick up the black bowl next to the cookie box and place it on the plate,pick up the black bowl,pick up the black bowl,True,False,e400d51601c046f980033a13510945b9
806,pick up the black bowl next to the cookie box and place it on the plate,pick up bowl,pick up bowl,True,False,141f74cb9c9d4242b577ee01e87f55f6
807,pick up the black bowl next to the cookie box and place it on the plate,pick up bowl,pick up bowl,True,False,8ab886b072bd45339802d6a30cffbd85
808,pick up the black bowl next to the cookie box and place it on the plate,pick up the blue plate,pick up the blue plate,True,False,881a0ff241424092b411ac61b7204eb6
809,pick up the black bowl next to the cookie box and place it on the plate,pick up the black bowl,pick up the black bowl,True,False,aa8ffcc41a1a4488919eeadf10a36eb3
810,pick up the black bowl next to the cookie box and place it on the plate,pick up the black bowl,pick up the black bowl,True,False,d37a2d1bcbe14f7f9a98bf2429636d8c
811,pick up the black bowl next to the cookie box and place it on the plate,pick up the black bowl,pick up the black bowl,True,False,e5f6c08e5f084539854903aa69c24e0c
812,pick up the black bowl next to the cookie box and place it on the plate,pick up the black bowl,pick up the black bowl,True,False,76babb247204421ba26bcfffc1daa534
813,pick up the black bowl next to the cookie box and place it on the plate,pick up the black bowl,pick up the black bowl,True,False,e4efa81591a14385beb29d8c964db8c9
814,pick up the black bowl next to the cookie box and place it on the plate,pick up the black bowl,pick up the black bowl,True,False,019e41342d244dc1872e00976ba8003c
815,pick up the black bowl next to the cookie box and place it on the plate,pick up bowl,pick up bowl,True,False,953d4adaff774eb6ab4ce6dfa739310d
816,pick up the black bowl next to the cookie box and place it on the plate,pick up bowl,pick up bowl,True,False,5610dbc578ff48849bb4921ca3d276bc
817,pick up the black bowl next to the cookie box and place it on the plate,pick up the black bowl,pick up the black bowl,True,False,38da1eed3960482489e9dfdae01f27a4
818,pick up the black bowl next to the cookie box and place it on the plate,pick up the black bowl,pick up the black bowl,True,False,7abc78f4149446d1917253be2bc240f6
819,pick up the black bowl next to the cookie box and place it on the plate,pick up the black bowl,pick up the black bowl,True,False,39037cb34d51402eab7009fd0eb5af85
820,pick up the black bowl next to the cookie box and place it on the plate,pick up the black bowl,pick up the black bowl,True,False,4bf338eba23d4f9996580d6207547cb3
821,pick up the black bowl next to the cookie box and place it on the plate,pick up the black bowl,pick up the black bowl,True,False,b03ddca598024d6b820964bac31f164e
822,pick up the black bowl next to the cookie box and place it on the plate,pick up the black bowl,pick up the black bowl,True,False,e02309fbe5bc427fb1dfd526e07f0466
823,pick up the black bowl next to the cookie box and place it on the plate,pick up bowl,pick up bowl,True,False,88af5dfb2804419d92bb8f0908f9ee1e
824,pick up the black bowl next to the cookie box and place it on the plate,pick up the black bowl,pick up the black bowl,True,False,7fd7342d50f8488dad86b4fbd2aa58cd
825,pick up the black bowl next to the cookie box and place it on the plate,pick up the black bowl,pick up the black bowl,True,False,94db78163e7247458130fafffe89492a
826,pick up the black bowl next to the cookie box and place it on the plate,pick up bowl,pick up bowl,True,False,da64b2a2a2cb44d7b4a34ad78b110f53
827,pick up the black bowl next to the cookie box and place it on the plate,pick up the black bowl,pick up the black bowl,True,False,b40a108fa8924658b1e239e6f27efda6
828,pick up the black bowl next to the cookie box and place it on the plate,pick up bowl,pick up bowl,True,False,647092bd664346d18a590e7654508eee
829,pick up the black bowl next to the cookie box and place it on the plate,pick up the black bowl,pick up the black bowl,True,False,2ab9c1503dd64c0b86c7c2a61d6182da
830,pick up the black bowl next to the cookie box and place it on the plate,pick up the black bowl,pick up the black bowl,True,False,e20082d4fee644a8b34a6fe649cd64ca
831,pick up the black bowl next to the cookie box and place it on the plate,pick up the black bowl,pick up the black bowl,True,False,e63de9343f9f4dd1a08bc811047bb364
832,pick up the black bowl next to the cookie box and place it on the plate,pick up bowl,pick up bowl,True,False,6af00974c3794b82bcecbdbea206bcad
833,pick up the black bowl next to the cookie box and place it on the plate,pick up the black bowl,pick up the black bowl,True,False,12d6ed193414492f86205273eedc9eec
834,pick up the black bowl next to the cookie box and place it on the plate,pick up bowl,pick up bowl,True,False,3fe79cbb9ba748bf9c9d0415ca5d130f
835,pick up the black bowl next to the cookie box and place it on the plate,pick up the black bowl,pick up the black bowl,True,False,dbfd2adff0804e79925a208d8fb9ed5e
836,pick up the black bowl next to the cookie box and place it on the plate,pick up bowl,pick up bowl,True,False,89984b21887a459caca52ea650176d8c
837,pick up the black bowl next to the cookie box and place it on the plate,pick up bowl,pick up bowl,True,False,8581cabb83834353aac5c4973457f9a7
838,pick up the black bowl next to the cookie box and place it on the plate,pick up bowl,pick up bowl,True,False,4e1d92c7992a41afa73723651d9af181
839,pick up the black bowl next to the cookie box and place it on the plate,pick up bowl,pick up bowl,True,False,88a90cff16d541629d95447803aec300
840,pick up the black bowl next to the cookie box and place it on the plate,pick up bowl,pick up bowl,True,False,ac1e318f47184c9da008f67f4da293ae
841,pick up the black bowl next to the cookie box and place it on the plate,pick up the black bowl,pick up the black bowl,True,False,3159146805234406b9470f94a74127fd
842,pick up the black bowl next to the cookie box and place it on the plate,pick up the black bowl,pick up the black bowl,True,False,7f1f6aa65de64733ad0a0a40ab5f0e32
843,pick up the black bowl next to the cookie box and place it on the plate,pick up bowl,pick up bowl,True,False,21b9cb62540648d692c215a09dfb4cb0
844,pick up the black bowl next to the cookie box and place it on the plate,pick up the blue bowl,pick up the blue bowl,True,False,5d133069fa2247bfa0a85a1edec67da8
845,pick up the black bowl next to the cookie box and place it on the plate,pick up bowl,pick up bowl,True,False,037044094f174663bdab497f2075be11
846,pick up the black bowl next to the cookie box and place it on the plate,pick up the black bowl,pick up the black bowl,True,False,616b170fcc2c4b2a9385ad00c7c0278d
847,pick up the black bowl next to the cookie box and place it on the plate,pick up the black bowl,pick up the black bowl,True,False,cd0846e1582b4ae48acc527b0093d628
848,pick up the black bowl next to the cookie box and place it on the plate,pick up bowl,pick up bowl,True,False,4ea0a541b53b497e9b7f48d6df1847e0
849,pick up the black bowl next to the cookie box and place it on the plate,pick up bowl,pick up bowl,True,False,bf1702a5106c4c869dd84e115a9276aa
850,pick up the black bowl next to the cookie box and place it on the plate,pick up the black bowl,pick up the black bowl,True,False,ffa2b1d34e2f4de780a1cf8c2fe1c32e
851,pick up the black bowl next to the cookie box and place it on the plate,pick up the black bowl,pick up the black bowl,True,False,fccf39296cd14bf79ae0815cc6bc1768
852,pick up the black bowl next to the cookie box and place it on the plate,pick up the black bowl,pick up the black bowl,True,False,6fe6fa6b9d98460e960fe5a562bd8c92
853,pick up the black bowl next to the cookie box and place it on the plate,pick up bowl,pick up bowl,True,False,8cf216dfda264c13b4777134720d589e
854,pick up the black bowl next to the cookie box and place it on the plate,pick up bowl,pick up bowl,True,False,df2bd820ebbc4648a5387a34dd43d6c3
855,pick up the black bowl next to the cookie box and place it on the plate,pick up the black bowl,pick up the black bowl,True,False,86ee205f729242b69c2b197d28accd54
856,pick up the black bowl next to the cookie box and place it on the plate,pick up the black bowl,pick up the black bowl,True,False,5f89ad555cf14c2f9fd9ff41d112c303
857,pick up the black bowl next to the cookie box and place it on the plate,pick up bowl,pick up bowl,True,False,6744335baf114e18a8ba3a56759e0acd
858,pick up the black bowl next to the cookie box and place it on the plate,pick up the black bowl,pick up the black bowl,True,False,765bf59d87784c7085720fe29d81113e
859,pick up the black bowl next to the cookie box and place it on the plate,pick up the black bowl,pick up the black bowl,True,False,a092204a6ec54eacb75598917f9650c6
860,pick up the black bowl next to the cookie box and place it on the plate,pick up black bowl,pick up black bowl,True,False,b89604d1eeda4d028961f07dcd581af3
861,pick up the black bowl next to the cookie box and place it on the plate,pick up the black bowl,pick up the black bowl,True,False,560eb76f3e1545e387010d26787eb653
862,pick up the black bowl next to the cookie box and place it on the plate,pick up the black bowl,pick up the black bowl,True,False,81327db8d2e548b09e20b1c3be9bc840
863,pick up the black bowl next to the cookie box and place it on the plate,pick up bowl,pick up bowl,True,False,d7061602f4c7449ab1bef16f23722257
864,pick up the black bowl next to the cookie box and place it on the plate,pick up bowl,pick up bowl,True,False,5394d195d7cf48c8b393b414eae5d813
865,pick up the black bowl next to the cookie box and place it on the plate,pick up bowl,pick up bowl,True,False,904cc893448d4fbb83862145a10c7b5f
866,pick up the black bowl next to the cookie box and place it on the plate,pick up bowl,pick up bowl,True,False,f7313ab7bc7847c7afaefe43eadf5fb5
867,pick up the black bowl next to the cookie box and place it on the plate,pick up bowl,pick up bowl,True,False,a4078eb8b9cf4f8b8387a22c5a41f494
868,pick up the black bowl next to the cookie box and place it on the plate,pick up the black bowl,pick up the black bowl,True,False,4f560d8a127146f59cda3a3b7df5bbde
869,pick up the black bowl next to the cookie box and place it on the plate,pick up bowl,pick up bowl,True,False,55dc0f9470db451ba172205cd9d493b0
870,pick up the black bowl next to the cookie box and place it on the plate,pick up bowl,pick up bowl,True,False,d096ec2dcd1f456da0e6f1b5c8d4206b
871,pick up the black bowl next to the cookie box and place it on the plate,pick up bowl,pick up bowl,True,False,ef8f57a1c01e401eb34732801838c4e3
872,pick up the black bowl next to the cookie box and place it on the plate,pick up bowl,pick up bowl,True,False,51dfc488f67348d4a51e40d1fbc15fc5
873,pick up the black bowl next to the cookie box and place it on the plate,pick up bowl,pick up bowl,True,False,a54184373fd243eb85652eaa33f42815
874,pick up the black bowl next to the cookie box and place it on the plate,pick up bowl,pick up bowl,True,False,e26a01925c6f4362ba91d642e8d539b6
875,pick up the black bowl next to the cookie box and place it on the plate,pick up bowl,pick up bowl,True,False,765bd6036eb2497dbcab9b05cd7ffe66
876,pick up the black bowl next to the cookie box and place it on the plate,pick up the black bowl,pick up the black bowl,True,False,a183cff1b8154a85a82efe5151b4f787
877,pick up the black bowl next to the cookie box and place it on the plate,pick up bowl,pick up bowl,True,False,52f52ebb4268419e9aa7a4389c20a512
878,pick up the black bowl next to the cookie box and place it on the plate,pick up bowl,pick up bowl,True,False,2f0243217bf54c388e0631133aaf68e0
879,pick up the black bowl next to the cookie box and place it on the plate,pick up bowl,pick up bowl,True,False,55ae5824b4cc4d2c8cd9fd2a7d2574df
880,pick up the black bowl next to the cookie box and place it on the plate,pick up bowl,pick up bowl,True,False,5a05bd89b04c476aa53c1492402bb0aa
881,pick up the black bowl next to the cookie box and place it on the plate,pick up bowl,pick up bowl,True,False,21b8d580058145b7b0421f72efe7b275
882,pick up the black bowl next to the cookie box and place it on the plate,pick up bowl,pick up bowl,True,False,d8c754e33aed4593a80b59f282f871ca
883,pick up the black bowl next to the cookie box and place it on the plate,pick up the black bowl,pick up the black bowl,True,False,bc07f8890c454939a78045d6f4fb356f
884,pick up the black bowl next to the cookie box and place it on the plate,pick up the black bowl,pick up the black bowl,True,False,ae17c0a02a7a415887ec2b262ca6ef10
885,pick up the black bowl next to the cookie box and place it on the plate,pick up the black bowl,pick up the black bowl,True,False,fb99c9c358dc464da76683873ef35d6d
886,pick up the black bowl next to the cookie box and place it on the plate,pick up the blue bowl,pick up the blue bowl,True,False,426c64b2a90f4d2e9b566fe4929c9144
887,pick up the black bowl next to the cookie box and place it on the plate,pick up the black bowl,pick up the black bowl,True,False,3abaa8b4bf5d45f8ba7bc6bce8d22a8a
888,pick up the black bowl next to the cookie box and place it on the plate,pick up the black bowl,pick up the black bowl,True,False,2bde071708624e1baaae493a3dd85eed
889,pick up the black bowl next to the cookie box and place it on the plate,pick up bowl,pick up bowl,True,False,d14051fafac8468899bce621f5d766ab
890,pick up the black bowl next to the cookie box and place it on the plate,pick up bowl,pick up bowl,True,False,195e7efc65d24741bafdd4e8d05aacc2
891,pick up the black bowl next to the cookie box and place it on the plate,pick up the black bowl,pick up the black bowl,True,False,c7eaa18ceccb47bc8e2f4a0bc152c153
892,pick up the black bowl next to the cookie box and place it on the plate,pick up the black bowl,pick up the black bowl,True,False,0eb7b21c0a834ed4a58867576452c632
893,pick up the black bowl next to the cookie box and place it on the plate,pick up the black bowl,pick up the black bowl,True,False,ac16a464ea80454394f7d2883b243d24
894,pick up the black bowl next to the cookie box and place it on the plate,pick up the black bowl,pick up the black bowl,True,False,06a0520e4c574be0a77ce0b8703b887c
895,pick up the black bowl next to the cookie box and place it on the plate,pick up the black bowl,pick up the black bowl,True,False,14b1c4c023bc46d6a95d0e76b23f30ed
896,pick up the black bowl next to the cookie box and place it on the plate,pick up the black bowl,pick up the black bowl,True,False,528bc156c4174a31bfc307beed8a8004
897,pick up the black bowl next to the cookie box and place it on the plate,pick up the black bowl,pick up the black bowl,True,False,b5522fcd158a444b9d034d06298f9649
898,pick up the black bowl next to the cookie box and place it on the plate,pick up the black bowl,pick up the black bowl,True,False,bf3d51eec79546f8a1ce7d68bbdc8786
899,pick up the black bowl next to the cookie box and place it on the plate,pick up the black bowl,pick up the black bowl,True,False,8788c14007ac45ddaeca39e70f246052
900,pick up the black bowl next to the cookie box and place it on the plate,pick up the black bowl,pick up the black bowl,True,False,ebe7c91ef13b49fcb51178dcebfe7235
901,pick up the black bowl next to the cookie box and place it on the plate,pick up the black bowl,pick up the black bowl,True,False,c6de979ac41b4ebbb57c19406881f972
902,pick up the black bowl next to the cookie box and place it on the plate,pick up the black bowl,pick up the black bowl,True,False,d906a5d8cff0409e8ca702f2d76bad0b
903,pick up the black bowl next to the cookie box and place it on the plate,pick up the black bowl,pick up the black bowl,True,False,3a38fe63f3174dc0b822222f17a0cd11
904,pick up the black bowl next to the cookie box and place it on the plate,pick up the black bowl,pick up the black bowl,True,False,a8a05e6ddd724c838b9bf9135acfaa43
905,pick up the black bowl next to the cookie box and place it on the plate,pick up the black bowl,pick up the black bowl,True,False,ea62d3a4ecdc40229f42cfdd7786ad24
906,pick up the black bowl next to the cookie box and place it on the plate,pick up the black bowl,pick up the black bowl,True,False,ad61ee3883f644b4b256ae4950e90635
907,pick up the black bowl next to the cookie box and place it on the plate,pick up the black bowl,pick up the black bowl,True,False,eccde0941dd6481dba1c0269cc559298
908,pick up the black bowl next to the cookie box and place it on the plate,pick up bowl,pick up bowl,True,False,acc0c5ac792a4549b95a6654c7e5f59f
909,pick up the black bowl next to the cookie box and place it on the plate,pick up bowl,pick up bowl,True,False,01b2c7b388d94d8daf766a3d0f3bd5f2
910,pick up the black bowl next to the cookie box and place it on the plate,pick up the blue bowl,pick up the blue bowl,True,False,05db344bec0b4fc88baf8eea855701d0
911,pick up the black bowl next to the cookie box and place it on the plate,pick up the black bowl,pick up the black bowl,True,False,1bf48000302247a4bcfaf1c0ed73cad4
912,pick up the black bowl next to the cookie box and place it on the plate,pick up the black bowl,pick up the black bowl,True,False,d19836f3c4c149ca89ac686226fe98b3
913,pick up the black bowl next to the cookie box and place it on the plate,"The image shows a black bowl on the table. It's a large,","The image shows a black bowl on the table. It's a large,",False,True,cd3cb7ff087a4707ab4e6479e6b920b6
914,pick up the black bowl next to the cookie box and place it on the plate,pick up the black bowl,pick up the black bowl,True,False,371098b9a18e408baaed1ac3dae21e00
915,pick up the black bowl next to the cookie box and place it on the plate,move cookie,move cookie,True,False,6bdaa545c8534a4bb4798a8c33a4366f
916,pick up the black bowl next to the cookie box and place it on the plate,pick up the black bowl,pick up the black bowl,True,False,f934a7f9365a4a30977cdca6ecac0330
917,pick up the black bowl next to the cookie box and place it on the plate,No,No,True,False,7cecd8f26d4f4860b0940ce8efb9c45b
918,pick up the black bowl next to the cookie box and place it on the plate,pick up the black bowl,pick up the black bowl,True,False,b0db718e9d25479e93dd00083fffda40
919,pick up the black bowl next to the cookie box and place it on the plate,pick up the blue bowl,pick up the blue bowl,True,False,9de5c9430b414146a05524598821e8c1
920,pick up the black bowl next to the cookie box and place it on the plate,pick up the blue bowl,pick up the blue bowl,True,False,dc33d56e46554a11932cb69c6adbf648
921,pick up the black bowl next to the cookie box and place it on the plate,pick up the black bowl,pick up the black bowl,True,False,dee02b7c3e784e6284703d451224dd02
922,pick up the black bowl next to the cookie box and place it on the plate,pick up the black bowl,pick up the black bowl,True,False,8acaec228de1417c975322e7423971c9
923,pick up the black bowl next to the cookie box and place it on the plate,pick up bowl,pick up bowl,True,False,55c968801c0b4c809010bad2f42f5a1b
924,pick up the black bowl next to the cookie box and place it on the plate,pick up bowl,pick up bowl,True,False,3ec26207de174e30a57181b1d112164e
925,pick up the black bowl on the stove and place it on the plate,pick up bowl,pick up bowl,True,False,1ddcc3a4af0c4064883880049b0468a5
926,pick up the black bowl on the stove and place it on the plate,pick up bowl,pick up bowl,True,False,4b0337e3c443467382522704c9218c0a
927,pick up the black bowl on the stove and place it on the plate,pick up bowl,pick up bowl,True,False,c7ab4571ff714316bc32d38e4cff6690
928,pick up the black bowl on the stove and place it on the plate,pick up bowl,pick up bowl,True,False,4ab7fda0eace4b8c90b64755c8022ce2
929,pick up the black bowl on the stove and place it on the plate,pick up bowl,pick up bowl,True,False,58d21976fcdc410b8f03cfaf0f03bbff
930,pick up the black bowl on the stove and place it on the plate,pick up bowl,pick up bowl,True,False,6e4c9c48e6b145af841fb54b8ecf0ef8
931,pick up the black bowl on the stove and place it on the plate,pick up bowl,pick up bowl,True,False,8c46c87ac95d4d9fa11b5e2d1fcc0fb2
932,pick up the black bowl on the stove and place it on the plate,pick up bowl,pick up bowl,True,False,002d758ae39347ebb6c66041c369f7d3
933,pick up the black bowl on the stove and place it on the plate,pick up bowl,pick up bowl,True,False,11160649db114a25b7c6c1bf526d0f48
934,pick up the black bowl on the stove and place it on the plate,pick up bowl,pick up bowl,True,False,ec1559b08694495d916b5c6e19078deb
935,pick up the black bowl on the stove and place it on the plate,pick up bowl,pick up bowl,True,False,55779f4ef88b4cb9b215cecfd619f8e9
936,pick up the black bowl on the stove and place it on the plate,pick up bowl,pick up bowl,True,False,224f0bbffbf04eed8414d5d048af78a5
937,pick up the black bowl on the stove and place it on the plate,pick up the blue plate,pick up the blue plate,True,False,d0a34dbea9ae46a5a91f56a3a676fd26
938,pick up the black bowl on the stove and place it on the plate,pick up the black bowl,pick up the black bowl,True,False,bf672a4b61cc489d902b4b00f0f40176
939,pick up the black bowl on the stove and place it on the plate,pick up the black bowl,pick up the black bowl,True,False,3a0210674aaa4e43bef536e84f14f982
940,pick up the black bowl on the stove and place it on the plate,pick up the black bowl,pick up the black bowl,True,False,2b5a79c9b79d4bec8eaffa741bae321b
941,pick up the black bowl on the stove and place it on the plate,pick up the black bowl,pick up the black bowl,True,False,be731345665c4e7d8fc6bb0d1a223175
942,pick up the black bowl on the stove and place it on the plate,pick up the black bowl,pick up the black bowl,True,False,a98cc3800ea54eeeb2991d8f489e8cc2
943,pick up the black bowl on the stove and place it on the plate,pick up the black bowl,pick up the black bowl,True,False,2cf235d2b0e34ea0ba71f6492981b225
944,pick up the black bowl on the stove and place it on the plate,pick up the black bowl,pick up the black bowl,True,False,6a07c29eb3a942c4ac84d95bef3fcd1c
945,pick up the black bowl on the stove and place it on the plate,pick up bowl,pick up bowl,True,False,b3fc538d250a4f25adcd5f44a9e61b96
946,pick up the black bowl on the stove and place it on the plate,pick up bowl,pick up bowl,True,False,f469568b64bf425ea0ebfc4ab1d3a185
947,pick up the black bowl on the stove and place it on the plate,pick up bowl,pick up bowl,True,False,53f9c92c440b42fbac8d64d161e0a020
948,pick up the black bowl on the stove and place it on the plate,pick up the blue plate,pick up the blue plate,True,False,cad6ba1f11b5460494c34d54d879ee64
949,pick up the black bowl on the stove and place it on the plate,pick up bowl,pick up bowl,True,False,83f1febae2b24f3d91cc44f4f9ef64c1
950,pick up the black bowl on the stove and place it on the plate,pick up the blue plate,pick up the blue plate,True,False,e99287cd854f46a19925b0475982fa9b
951,pick up the black bowl on the stove and place it on the plate,pick up the blue plate,pick up the blue plate,True,False,ec36336f970b49d0b867ec670418f961
952,pick up the black bowl on the stove and place it on the plate,pick up the blue bowl,pick up the blue bowl,True,False,28f6ffd61c774a2985f3291e97532779
953,pick up the black bowl on the stove and place it on the plate,pick up the blue plate,pick up the blue plate,True,False,53ffd766cf13495582924cd3d07ab6c7
954,pick up the black bowl on the stove and place it on the plate,pick up the blue plate,pick up the blue plate,True,False,fae94484353e49f88d68476d1d2b1861
955,pick up the black bowl on the stove and place it on the plate,pick up the blue plate,pick up the blue plate,True,False,7857c431720143bbba2f959f726d22ef
956,pick up the black bowl on the stove and place it on the plate,pick up the blue plate,pick up the blue plate,True,False,da5e6f318ce943b4b964f22eadd824a1
957,pick up the black bowl on the stove and place it on the plate,pick up the blue plate,pick up the blue plate,True,False,d90013d520a44418968bd330bdadb487
958,pick up the black bowl on the stove and place it on the plate,pick up the black bowl,pick up the black bowl,True,False,ec70829f0cbe4129818b602efd29baea
959,pick up the black bowl on the stove and place it on the plate,pick up the black bowl,pick up the black bowl,True,False,e9e113260d374982b10c2f4716b1eeb6
960,pick up the black bowl on the stove and place it on the plate,pick up the black bowl,pick up the black bowl,True,False,0cf2856d5acf4cf58e2bc1808ea844f8
961,pick up the black bowl on the stove and place it on the plate,pick up the blue plate,pick up the blue plate,True,False,34969cbf884f4b779ba962871ce0fa0c
962,pick up the black bowl on the stove and place it on the plate,pick up the black bowl,pick up the black bowl,True,False,6f08472771dd425ca97dfe18f59caf84
963,pick up the black bowl on the stove and place it on the plate,pick up the blue plate,pick up the blue plate,True,False,1e5ff4b523d040e5a7342f4feb2072b6
964,pick up the black bowl on the stove and place it on the plate,pick up the black bowl,pick up the black bowl,True,False,4ac3d3d9bae1442f82ec674b9bbce5bd
965,pick up the black bowl on the stove and place it on the plate,pick up the blue plate,pick up the blue plate,True,False,8d8de72b76b143f1948db1cfb7a3436f
966,pick up the black bowl on the stove and place it on the plate,pick up the blue plate,pick up the blue plate,True,False,5137971bf3f04b669e7f915f3e1b4b61
967,pick up the black bowl on the stove and place it on the plate,pick up bowl,pick up bowl,True,False,e34d67de390849d79acfbcedc6c9dede
968,pick up the black bowl on the stove and place it on the plate,pick up bowl,pick up bowl,True,False,dcf3b01442f34938980e59ff849b9257
969,pick up the black bowl on the stove and place it on the plate,pick up bowl,pick up bowl,True,False,29fc57a6a8a249c6ac9ad6197d3f3674
970,pick up the black bowl on the stove and place it on the plate,pick up the blue plate,pick up the blue plate,True,False,65b22345659e415cb42327b4253a84d3
971,pick up the black bowl on the stove and place it on the plate,pick up stainless steel bowl,pick up stainless steel bowl,True,False,b31737701c4e46e28d3c5ac1e25ad211
972,pick up the black bowl on the stove and place it on the plate,pick up the blue plate,pick up the blue plate,True,False,834c28c84fb5427495a977d98f5f94f8
973,pick up the black bowl on the stove and place it on the plate,pick up the blue plate,pick up the blue plate,True,False,a361fc6b01dd438daace3ba1bf19c6ff
974,pick up the black bowl on the stove and place it on the plate,pick up the blue plate,pick up the blue plate,True,False,11bee2f502ed4256ba3f43135d4d5a64
975,pick up the black bowl on the stove and place it on the plate,pick up the black bowl,pick up the black bowl,True,False,43b4a191a3b24c1fab8d74fc375e5879
976,pick up the black bowl on the stove and place it on the plate,pick up the blue plate,pick up the blue plate,True,False,44179ae1e25f4b4bba40278cce787fed
977,pick up the black bowl on the stove and place it on the plate,pick up bowl,pick up bowl,True,False,96c606070e464bc9bb876791ae707077
978,pick up the black bowl on the stove and place it on the plate,pick up the black bowl,pick up the black bowl,True,False,e503b47a579a44f7993b5739e071cd41
979,pick up the black bowl on the stove and place it on the plate,pick up the black bowl,pick up the black bowl,True,False,ab0e287017d94efea2b03a40e5fafe04
980,pick up the black bowl on the stove and place it on the plate,pick up the black bowl,pick up the black bowl,True,False,028fcddd5c484312b9d56d728251aeef
981,pick up the black bowl on the stove and place it on the plate,pick up the black bowl,pick up the black bowl,True,False,896f14d915974160bbff81fe1402e7ec
982,pick up the black bowl on the stove and place it on the plate,pick up bowl,pick up bowl,True,False,23c4d89820ea42fc8c6fe5f0deedf34a
983,pick up the black bowl on the stove and place it on the plate,pick up the blue plate,pick up the blue plate,True,False,faf2d45ae8ed4fbf8eeaa1a32aa79767
984,pick up the black bowl on the stove and place it on the plate,pick up bowl,pick up bowl,True,False,67d00556a77c4774b3eb287a86e3d293
985,pick up the black bowl on the stove and place it on the plate,pick up bowl,pick up bowl,True,False,0242ce190ce44f7bb08ba58e643e3d29
986,pick up the black bowl on the stove and place it on the plate,pick up the black bowl,pick up the black bowl,True,False,ce605e58923645aaad257a0a863a9557
987,pick up the black bowl on the stove and place it on the plate,pick up the black bowl,pick up the black bowl,True,False,93f10db1183a4083989bca55cb7438fc
988,pick up the black bowl on the stove and place it on the plate,pick up the black bowl,pick up the black bowl,True,False,0f8a438f90bc4a9b9418d2ab3107bf32
989,pick up the black bowl on the stove and place it on the plate,pick up bowl,pick up bowl,True,False,565a8b37ca844e099203f10c2079854d
990,pick up the black bowl on the stove and place it on the plate,pick up bowl,pick up bowl,True,False,95496ab03f534287829967a5234a845c
991,pick up the black bowl on the stove and place it on the plate,pick up bowl,pick up bowl,True,False,e45c7854157347df96605aa3d0370f2a
992,pick up the black bowl on the stove and place it on the plate,pick up bowl,pick up bowl,True,False,90ede928d83d450b972f98784371fb64
993,pick up the black bowl on the stove and place it on the plate,pick up bowl,pick up bowl,True,False,b634333e2c5e49c1b98d65735168caf0
994,pick up the black bowl on the stove and place it on the plate,pick up bowl,pick up bowl,True,False,8607178fd72d42198811af0d3cb986e6
995,pick up the black bowl on the stove and place it on the plate,pick up bowl,pick up bowl,True,False,2832ae01de454d29886794320f7430e6
996,pick up the black bowl on the stove and place it on the plate,pick up bowl,pick up bowl,True,False,2e3a7aa6d982452d98697942c25860ef
997,pick up the black bowl on the stove and place it on the plate,pick up bowl,pick up bowl,True,False,98cd83e5d35d4bd297632b16e061f199
998,pick up the black bowl on the stove and place it on the plate,pick up bowl,pick up bowl,True,False,a2676798149949eeabd891de31bba4b2
999,pick up the black bowl on the stove and place it on the plate,pick up bowl,pick up bowl,True,False,39363705c3754ed1b1731165cf82db0f
1000,pick up the black bowl on the stove and place it on the plate,pick up bowl,pick up bowl,True,False,02a81beec89d4e05949be5c1e98362bc
1001,pick up the black bowl on the stove and place it on the plate,pick up bowl,pick up bowl,True,False,7cf21743ef6445b3bdec2ebf9e88fa1c
1002,pick up the black bowl on the stove and place it on the plate,pick up bowl,pick up bowl,True,False,716c177a842041b09de88c9809396502
1003,pick up the black bowl on the stove and place it on the plate,pick up bowl,pick up bowl,True,False,a1a52097f71643b1b863550a5c7ff5ac
1004,pick up the black bowl on the stove and place it on the plate,pick up bowl,pick up bowl,True,False,b2f76b058a9e4f8ca76233c56c127363
1005,pick up the black bowl on the stove and place it on the plate,pick up bowl,pick up bowl,True,False,1a3861d8302d4150b1b15f139d897f5c
1006,pick up the black bowl on the stove and place it on the plate,pick up bowl,pick up bowl,True,False,9e15705a63124938aa6af0012bfc72e3
1007,pick up the black bowl on the stove and place it on the plate,pick up bowl,pick up bowl,True,False,6be07dc4d8c3401e842414b17c1f5212
1008,pick up the black bowl on the stove and place it on the plate,pick up bowl,pick up bowl,True,False,b77d8a7a15a443e7be5107bb37763c59
1009,pick up the black bowl on the stove and place it on the plate,pick up bowl,pick up bowl,True,False,8cf1699d12cb4b1fb0be37c70397e7de
1010,pick up the black bowl on the stove and place it on the plate,pick up bowl,pick up bowl,True,False,d0fbfae3e4f744638cd83581c89cdf5a
1011,pick up the black bowl on the stove and place it on the plate,pick up bowl,pick up bowl,True,False,513d689af3a74cd09097b69ebf8603ea
1012,pick up the black bowl on the stove and place it on the plate,pick up bowl,pick up bowl,True,False,7a38464c07ac44f9b61671f27cdd147f
1013,pick up the black bowl on the stove and place it on the plate,pick up bowl,pick up bowl,True,False,50b90b761a3f4bc990182c37fc8dae26
1014,pick up the black bowl on the stove and place it on the plate,pick up bowl,pick up bowl,True,False,296ef4e37162484c99cc41fd79d817b0
1015,pick up the black bowl on the stove and place it on the plate,pick up the black bowl,pick up the black bowl,True,False,07cbfc9f2e6649e38f5a7c56ad093626
1016,pick up the black bowl on the stove and place it on the plate,pick up stainless steel plate,pick up stainless steel plate,True,False,da1306ca275749d78c57e414ea9d701b
1017,pick up the black bowl on the stove and place it on the plate,pick up the blue plate,pick up the blue plate,True,False,f2e9f8f059994eb3b16c635d52a9443e
1018,pick up the black bowl on the stove and place it on the plate,pick up the blue bowl,pick up the blue bowl,True,False,b03469be80984db8a830553c17ce21ac
1019,pick up the black bowl on the stove and place it on the plate,pick up bowl,pick up bowl,True,False,cab2229ebd1041f3aa2735b9487bc811
1020,pick up the black bowl on the stove and place it on the plate,pick up the blue plate,pick up the blue plate,True,False,44ff9733b7be4d9a8210eb39fcacb81d
1021,pick up the black bowl on the stove and place it on the plate,pick up the black bowl,pick up the black bowl,True,False,fc0d46cf2df34b5baa308074f3c142ff
1022,pick up the black bowl on the stove and place it on the plate,pick up the black bowl,pick up the black bowl,True,False,e0575e8a73e34947b79fb680e9f2d2db
1023,pick up the black bowl on the stove and place it on the plate,pick up the blue plate,pick up the blue plate,True,False,2bedfc87551c4a029ab40fb065b41378
1024,pick up the black bowl on the stove and place it on the plate,pick up bowl,pick up bowl,True,False,316fb1a48b9a46ef8b7ff0b46d0f7a35
1025,pick up the black bowl on the stove and place it on the plate,pick up bowl,pick up bowl,True,False,8746d4b9abdf4c7ab47aba5647a9349a
1026,pick up the black bowl on the stove and place it on the plate,pick up the black bowl,pick up the black bowl,True,False,3cb5026e249f478389c897c23845209f
1027,pick up the black bowl on the stove and place it on the plate,pick up the black bowl,pick up the black bowl,True,False,8715ec44c498420da7e52e28013a89a2
1028,pick up the black bowl on the stove and place it on the plate,pick up bowl,pick up bowl,True,False,cde027c8f64e4b19a744be577a295025
1029,pick up the black bowl on the stove and place it on the plate,pick up the blue bowl,pick up the blue bowl,True,False,33cc713ef8f9492a83ede8e3bcb9c948
1030,pick up the black bowl on the stove and place it on the plate,pick up bowl,pick up bowl,True,False,c511ec1e549445b39daf0b2f1de85e85
1031,pick up the black bowl on the stove and place it on the plate,pick up bowl,pick up bowl,True,False,a98b507d30ff483fa497fbbcd86d1f9f
1032,pick up the black bowl on the stove and place it on the plate,pick up bowl,pick up bowl,True,False,270c957ad18446d4a55639acdec48cd3
1033,pick up the black bowl on the stove and place it on the plate,pick up bowl,pick up bowl,True,False,5f296286939748b79b83c5322365ea84
1034,pick up the black bowl on the stove and place it on the plate,pick up bowl,pick up bowl,True,False,a9432ad2cfd44051a8973cdb389a9c18
1035,pick up the black bowl on the stove and place it on the plate,pick up bowl,pick up bowl,True,False,ae8d612b19c044228fda7c55f1710b57
1036,pick up the black bowl on the stove and place it on the plate,pick up the black bowl,pick up the black bowl,True,False,d10e23c4e4474f48881837d6bfef6a83
1037,pick up the black bowl on the stove and place it on the plate,pick up the blue bowl,pick up the blue bowl,True,False,4e38ecd9cf1f4d7ca438d2b9d9c13c9e
1038,pick up the black bowl on the stove and place it on the plate,pick up the black bowl,pick up the black bowl,True,False,1fece45f603949209af7643a8e1e9501
1039,pick up the black bowl on the stove and place it on the plate,pick up bowl,pick up bowl,True,False,b9ba047fe6ec4b40936902dd4b816082
1040,pick up the black bowl on the stove and place it on the plate,pick up bowl,pick up bowl,True,False,eb6a81d284484511ba401e9fc5fd9383
1041,pick up the black bowl on the stove and place it on the plate,pick up bowl,pick up bowl,True,False,602c53e4fa174172959af17dbf34689e
1042,pick up the black bowl on the stove and place it on the plate,pick up bowl,pick up bowl,True,False,9562efa97a9a4f32a04ae776f296f7f2
1043,pick up the black bowl on the stove and place it on the plate,pick up bowl,pick up bowl,True,False,519d599b34a54598b114820924f55861
1044,pick up the black bowl on the stove and place it on the plate,pick up bowl,pick up bowl,True,False,afac3d7d91ef4a21ab182f611985f05d
1045,pick up the black bowl on the stove and place it on the plate,pick up bowl,pick up bowl,True,False,662840fe3a864ec688fe55026900b9c1
1046,pick up the black bowl on the stove and place it on the plate,move bowl,move bowl,True,False,2c3424b3111241b4b5c76992af51ddad
1047,pick up the black bowl on the stove and place it on the plate,pick up bowl,pick up bowl,True,False,071a3e1a18da48138ef577abcfbbb93e
1048,pick up the black bowl on the stove and place it on the plate,pick up bowl,pick up bowl,True,False,1ebef2a020f343ac9cf060866fdf8942
1049,pick up the black bowl on the stove and place it on the plate,pick up bowl,pick up bowl,True,False,ef7fe710120f4f91a86c6ed7d2ed287b
1050,pick up the black bowl on the stove and place it on the plate,pick up bowl,pick up bowl,True,False,a2cab73f237e42d6b23c3a1462a911bf
1051,pick up the black bowl on the stove and place it on the plate,pick up bowl,pick up bowl,True,False,a1091ad45b1c4381ae875ad4caa5394f
1052,pick up the black bowl on the stove and place it on the plate,pick up bowl,pick up bowl,True,False,fe5662c12e7345f798bbc753d26cda18
1053,pick up the black bowl on the stove and place it on the plate,pick up bowl,pick up bowl,True,False,5447089eae524bbb8906040f8913e926
1054,pick up the black bowl on the stove and place it on the plate,pick up bowl,pick up bowl,True,False,6da99fd350c6404ebc0e4a1fedc8286c
1055,pick up the black bowl on the stove and place it on the plate,pick up bowl,pick up bowl,True,False,25e27e2e5e6f44ffac6fdccc5e7e3a55
1056,pick up the black bowl on the stove and place it on the plate,pick up bowl,pick up bowl,True,False,9be47541ec924e81a8ee47fc5a807b66
1057,pick up the black bowl next to the plate and place it on the plate,pick up black bowl,pick up black bowl,True,False,31062274c3d745eca69474c9db30f58f
1058,pick up the black bowl next to the plate and place it on the plate,pick up bowl,pick up bowl,True,False,54b4ace4e1d648429ff68855398bb06f
1059,pick up the black bowl next to the plate and place it on the plate,pick up bowl,pick up bowl,True,False,54e7ce24f1b24a3696a800082bad549c
1060,pick up the black bowl next to the plate and place it on the plate,pick up bowl,pick up bowl,True,False,137214ec49c8479cbb7502f44e722b16
1061,pick up the black bowl next to the plate and place it on the plate,pick up bowl,pick up bowl,True,False,de76f4d35de44eaf88dc000d180edb81
1062,pick up the black bowl next to the plate and place it on the plate,pick up bowl,pick up bowl,True,False,3a058531a0034ee381b754d0de62d0da
1063,pick up the black bowl next to the plate and place it on the plate,pick up bowl,pick up bowl,True,False,f7e86c8408c14ac9bffc0d699ed0d7cd
1064,pick up the black bowl next to the plate and place it on the plate,pick up the black bowl,pick up the black bowl,True,False,39ddc9277592432f8954d954c434f5e6
1065,pick up the black bowl next to the plate and place it on the plate,pick up the black bowl,pick up the black bowl,True,False,dcb6f64a65fa414cb6da099bef2dbf94
1066,pick up the black bowl next to the plate and place it on the plate,pick up bowl,pick up bowl,True,False,0bb7f8ea3c434f9786edabfaeacf4fd6
1067,pick up the black bowl next to the plate and place it on the plate,pick up bowl,pick up bowl,True,False,aad8aadf2ce647a0a1ebaf5a43c8ceea
1068,pick up the black bowl next to the plate and place it on the plate,pick up bowl,pick up bowl,True,False,9f83523a22e94ee791d3aa50b7fe82a4
1069,pick up the black bowl next to the plate and place it on the plate,pick up bowl,pick up bowl,True,False,077e13f247df43c79d427d391cb31a44
1070,pick up the black bowl next to the plate and place it on the plate,pick up bowl,pick up bowl,True,False,731230378a914856abb8327d80657ccb
1071,pick up the black bowl next to the plate and place it on the plate,pick up bowl,pick up bowl,True,False,ffbc58c05b66443d895bb6d745727afe
1072,pick up the black bowl next to the plate and place it on the plate,pick up bowl,pick up bowl,True,False,e6817ced54df4bf0a020b59865d84f78
1073,pick up the black bowl next to the plate and place it on the plate,pick up black bowl,pick up black bowl,True,False,a25e6c98f4d24f2da34bdc14fc1c2e2b
1074,pick up the black bowl next to the plate and place it on the plate,pick up black bowl,pick up black bowl,True,False,99924a4faafc4cba8dd4e694887bc1db
1075,pick up the black bowl next to the plate and place it on the plate,pick up black bowl,pick up black bowl,True,False,cbb6666f46244f1199fb2ca6d5878a42
1076,pick up the black bowl next to the plate and place it on the plate,pick up bowl,pick up bowl,True,False,cab0f25719654e7aa130155542cf97f5
1077,pick up the black bowl next to the plate and place it on the plate,pick up black bowl,pick up black bowl,True,False,66c5f845830c441a87d53b1f7330cf3d
1078,pick up the black bowl next to the plate and place it on the plate,pick up black bowl,pick up black bowl,True,False,00202dfbc3c041148273615fcd798a04
1079,pick up the black bowl next to the plate and place it on the plate,pick up black bowl,pick up black bowl,True,False,369b55e4e93d41879968d8c77f28eafd
1080,pick up the black bowl next to the plate and place it on the plate,pick up black bowl,pick up black bowl,True,False,e21a35a3832f4387bc3dfac3f75bd104
1081,pick up the black bowl next to the plate and place it on the plate,pick up black bowl,pick up black bowl,True,False,80bb701238ba4c1587c78c46681ab83a
1082,pick up the black bowl next to the plate and place it on the plate,pick up black bowl,pick up black bowl,True,False,504cb30cac28494ebfea85e173bb64a1
1083,pick up the black bowl next to the plate and place it on the plate,pick up black bowl,pick up black bowl,True,False,e8684bf13b33421e83cb47172e83fab3
1084,pick up the black bowl next to the plate and place it on the plate,pick up black bowl,pick up black bowl,True,False,8f0663ed5836460995a6362614bac0d5
1085,pick up the black bowl next to the plate and place it on the plate,pick up black bowl,pick up black bowl,True,False,7b466be48b21482c99127274e999e03b
1086,pick up the black bowl next to the plate and place it on the plate,The image shows a total of 5 objects. The most prominent object is a,The image shows a total of 5 objects. The most prominent object is a,False,True,4abb196cbd4f4bf59d1e6475e9cf8c4d
1087,pick up the black bowl next to the plate and place it on the plate,The image shows a total of 5 objects. The most prominent object is a,The image shows a total of 5 objects. The most prominent object is a,False,True,4364607a8a88443a95b4293e92e7861b
1088,pick up the black bowl next to the plate and place it on the plate,The image shows a total of 5 objects. The most prominent object is a,The image shows a total of 5 objects. The most prominent object is a,False,True,fa1c2d073a59456caeccda34e8bdde5e
1089,pick up the black bowl next to the plate and place it on the plate,pick up black bowl,pick up black bowl,True,False,3de60786ad3e430394c5ba878ce6b7e1
1090,pick up the black bowl next to the plate and place it on the plate,pick up black bowl,pick up black bowl,True,False,ed7851c34f5e43a9b34c05f8b639cc85
1091,pick up the black bowl next to the plate and place it on the plate,pick up bowl,pick up bowl,True,False,2015238c61f54cc08dbe958de897e980
1092,pick up the black bowl next to the plate and place it on the plate,pick up black bowl,pick up black bowl,True,False,6e28f619fce04730a83de3aa0952dda3
1093,pick up the black bowl next to the plate and place it on the plate,pick up the blue plate,pick up the blue plate,True,False,68859d819641470ba75f76603be910d5
1094,pick up the black bowl next to the plate and place it on the plate,pick up bowl,pick up bowl,True,False,8925bc508d6241738ec0b7210bc314c4
1095,pick up the black bowl next to the plate and place it on the plate,pick up bowl,pick up bowl,True,False,21b291ec97b347e995167994612c5c13
1096,pick up the black bowl next to the plate and place it on the plate,pick up the large plate,pick up the large plate,True,False,1023c6de42c349ed939406d7843469c6
1097,pick up the black bowl next to the plate and place it on the plate,pick up the large plate,pick up the large plate,True,False,b50edcba8dfc4a59b688f76ef703434b
1098,pick up the black bowl next to the plate and place it on the plate,pick up the black bowl,pick up the black bowl,True,False,86c673b7a24841cf9f94209718083dc0
1099,pick up the black bowl next to the plate and place it on the plate,pick up bowl,pick up bowl,True,False,7aff59e26a2b4468b1b016db9ac6f12f
1100,pick up the black bowl next to the plate and place it on the plate,pick up bowl,pick up bowl,True,False,961435df4a814badaacab0d32e05ef0e
1101,pick up the black bowl next to the plate and place it on the plate,pick up black bowl,pick up black bowl,True,False,aa429262ed7244d6b9a060a22f5947aa
1102,pick up the black bowl next to the plate and place it on the plate,pick up black bowl,pick up black bowl,True,False,207cfb9629574f36af495967c1970bd7
1103,pick up the black bowl next to the plate and place it on the plate,pick up black bowl,pick up black bowl,True,False,69452b7ae8534ac89df94e4046680e93
1104,pick up the black bowl next to the plate and place it on the plate,pick up bowl,pick up bowl,True,False,b381a6d38ea74858b1000bcd0ec05a95
1105,pick up the black bowl next to the plate and place it on the plate,pick up bowl,pick up bowl,True,False,0929610de40643a89525cf9b00b1b490
1106,pick up the black bowl next to the plate and place it on the plate,pick up the large plate,pick up the large plate,True,False,d1df898bc62545f3b89d86ca8c0b984e
1107,pick up the black bowl next to the plate and place it on the plate,pick up the large plate,pick up the large plate,True,False,27669afaf4c6471d8294580d4595e7ba
1108,pick up the black bowl next to the plate and place it on the plate,pick up black bowl,pick up black bowl,True,False,f9792e8e8e62462cbad48365c0eab145
1109,pick up the black bowl next to the plate and place it on the plate,pick up bowl,pick up bowl,True,False,b50a12c20038494cbfb220c19fae0ec0
1110,pick up the black bowl next to the plate and place it on the plate,pick up black bowl,pick up black bowl,True,False,14a0b2067a714e0fae07feebbd68f66e
1111,pick up the black bowl next to the plate and place it on the plate,pick up bowl,pick up bowl,True,False,65c1e507228f4fe9a2b50e08d662268a
1112,pick up the black bowl next to the plate and place it on the plate,pick up bowl,pick up bowl,True,False,26ad57dfd1b349ab8067e8dfcd479aff
1113,pick up the black bowl next to the plate and place it on the plate,pick up bowl,pick up bowl,True,False,68b8ac6e3ea242c29a1d5ce23859f61a
1114,pick up the black bowl next to the plate and place it on the plate,pick up bowl,pick up bowl,True,False,15366957835849f2abc71bdf0479252a
1115,pick up the black bowl next to the plate and place it on the plate,pick up bowl,pick up bowl,True,False,e5a19485e0a84a82acc5fed549c7782b
1116,pick up the black bowl next to the plate and place it on the plate,pick up bowl,pick up bowl,True,False,7dd835e9e908475fb7e3c577ccfeabe2
1117,pick up the black bowl next to the plate and place it on the plate,pick up bowl,pick up bowl,True,False,409772e1a5734c0a927eaa9920148065
1118,pick up the black bowl next to the plate and place it on the plate,pick up bowl,pick up bowl,True,False,43999ab7f60e49cbb8d63565382c44b4
1119,pick up the black bowl next to the plate and place it on the plate,pick up bowl,pick up bowl,True,False,8b2d68fad5a644b88ebabbbc700bd9e7
1120,pick up the black bowl next to the plate and place it on the plate,pick up the large plate,pick up the large plate,True,False,25847cdcd37a47d0bcdca815109309d3
1121,pick up the black bowl next to the plate and place it on the plate,pick up bowl,pick up bowl,True,False,3dcc60cdcc1e466ebab548116559dd98
1122,pick up the black bowl next to the plate and place it on the plate,pick up bowl,pick up bowl,True,False,ca25ecf9b808464c99b6a8d4c996a8fe
1123,pick up the black bowl next to the plate and place it on the plate,pick up bowl,pick up bowl,True,False,4b3fe4b8229d49ecb59d0ac3b7f331a1
1124,pick up the black bowl next to the plate and place it on the plate,pick up bowl,pick up bowl,True,False,cf80dd75880545e2812d539d38810310
1125,pick up the black bowl next to the plate and place it on the plate,pick up bowl,pick up bowl,True,False,d5ddd885cfe4490a8bfceea2c2237116
1126,pick up the black bowl next to the plate and place it on the plate,pick up bowl,pick up bowl,True,False,08e8ff29e62242deb289a8392c82a377
1127,pick up the black bowl next to the plate and place it on the plate,pick up bowl,pick up bowl,True,False,93d1655d76354f03babbe56cfd97e672
1128,pick up the black bowl next to the plate and place it on the plate,pick up the black bowl,pick up the black bowl,True,False,3382af967c534de599d486d6b9d70574
1129,pick up the black bowl next to the plate and place it on the plate,pick up the black bowl,pick up the black bowl,True,False,f30ebe168068497b9a962a3dfb35357c
1130,pick up the black bowl next to the plate and place it on the plate,pick up large plate,pick up large plate,True,False,95a4b41fa36547a3adee9375d0d521fd
1131,pick up the black bowl next to the plate and place it on the plate,pick up bowl,pick up bowl,True,False,33098b848e37415c9b67b5d383a69482
1132,pick up the black bowl next to the plate and place it on the plate,pick up bowl,pick up bowl,True,False,01262e21ba36461291d69e35ce1f0222
1133,pick up the black bowl next to the plate and place it on the plate,pick up bowl,pick up bowl,True,False,1a5cb1d6f08843fe90e678a31696178e
1134,pick up the black bowl next to the plate and place it on the plate,pick up bowl,pick up bowl,True,False,a2436eb5af4e45f99141700e7d6ccacc
1135,pick up the black bowl next to the plate and place it on the plate,pick up bowl,pick up bowl,True,False,2e803b2a96014ec194c8f1f2bcdb6568
1136,pick up the black bowl next to the plate and place it on the plate,pick up the large bowl,pick up the large bowl,True,False,004f6917f1314faf8a6927fb31e696c5
1137,pick up the black bowl next to the plate and place it on the plate,pick up bowl,pick up bowl,True,False,2d1991ed3f54439aaf2e00daaadfb4f5
1138,pick up the black bowl next to the plate and place it on the plate,pick up bowl,pick up bowl,True,False,7c2c4c6bccd0420f8f4489a8ae996adf
1139,pick up the black bowl next to the plate and place it on the plate,pick up bowl,pick up bowl,True,False,0842efc48a2e44c4a9bc5c704efdaa93
1140,pick up the black bowl next to the plate and place it on the plate,pick up bowl,pick up bowl,True,False,dd97333f5cf44ead9eb8cd9f690007ce
1141,pick up the black bowl next to the plate and place it on the plate,pick up bowl,pick up bowl,True,False,0d4f5fca273941f08a410b4a55f06751
1142,pick up the black bowl next to the plate and place it on the plate,pick up the large bowl,pick up the large bowl,True,False,0724ca19c81a49dea6e2e0dee25206f7
1143,pick up the black bowl next to the plate and place it on the plate,pick up the large bowl,pick up the large bowl,True,False,453d72c1ffe54e9bb9dfc8a2c8d687c9
1144,pick up the black bowl next to the plate and place it on the plate,pick up bowl,pick up bowl,True,False,c0b4eaa6f6a74bb5a9123f54345ba471
1145,pick up the black bowl next to the plate and place it on the plate,pick up bowl,pick up bowl,True,False,0dc15caf86b54d1b91b807b781442a33
1146,pick up the black bowl next to the plate and place it on the plate,pick up bowl,pick up bowl,True,False,2d89330513644aafb39c8da83c34754c
1147,pick up the black bowl next to the plate and place it on the plate,pick up bowl,pick up bowl,True,False,20b4360ae90d4351b941e35c441ebea3
1148,pick up the black bowl next to the plate and place it on the plate,pick up bowl,pick up bowl,True,False,833efa5afbd6484fbf82f8962409d35b
1149,pick up the black bowl next to the plate and place it on the plate,pick up bowl,pick up bowl,True,False,83d9183ddc884195aa8b48bc17eeb591
1150,pick up the black bowl next to the plate and place it on the plate,pick up bowl,pick up bowl,True,False,b4bdd5a5d173446ab44154601189e6d0
1151,pick up the black bowl next to the plate and place it on the plate,pick up bowl,pick up bowl,True,False,82c839b5264f42079db28475517430cc
1152,pick up the black bowl next to the plate and place it on the plate,pick up bowl,pick up bowl,True,False,f41c821da20c48a591c6c39686883406
1153,pick up the black bowl next to the plate and place it on the plate,pick up bowl,pick up bowl,True,False,de3e4a6c1fb84ae591df1bb12ecbbfb6
1154,pick up the black bowl next to the plate and place it on the plate,pick up bowl,pick up bowl,True,False,0aac0eb84c5c4d3bb0c8603c5e44bb78
1155,pick up the black bowl next to the plate and place it on the plate,pick up bowl,pick up bowl,True,False,53f0806f9fcf43ceb951ea994ce28307
1156,pick up the black bowl next to the plate and place it on the plate,pick up bowl,pick up bowl,True,False,25038997536f4ad480cbc25872c2559f
1157,pick up the black bowl next to the plate and place it on the plate,no movement,no movement,True,False,8a6f8b3df5fa4b5093f48a6c0c954bad
1158,pick up the black bowl next to the plate and place it on the plate,no movement,no movement,True,False,fde0c8c8646c4488b7413ee1ec7d14f3
1159,pick up the black bowl next to the plate and place it on the plate,pick up bowl,pick up bowl,True,False,452b990aa7564930b439be4bf99d9740
1160,pick up the black bowl next to the plate and place it on the plate,pick up bowl,pick up bowl,True,False,92decec08e7c4f3fa0cf6b34a5938976
1161,pick up the black bowl next to the plate and place it on the plate,pick up bowl,pick up bowl,True,False,18ee0553446342f299de7f0a25ec9315
1162,pick up the black bowl next to the plate and place it on the plate,pick up bowl,pick up bowl,True,False,a0569fbb83984286af57cf71861d03c3
1163,pick up the black bowl next to the plate and place it on the plate,pick up bowl,pick up bowl,True,False,c192d8849edd4beda9dbcc9e3c6ff29e
1164,pick up the black bowl next to the plate and place it on the plate,pick up bowl,pick up bowl,True,False,d30aece6f27048d3856aa3a7ad332133
1165,pick up the black bowl next to the plate and place it on the plate,pick up bowl,pick up bowl,True,False,09d1b0489c1744b4b0eee2ce6b530ffe
1166,pick up the black bowl next to the plate and place it on the plate,pick up bowl,pick up bowl,True,False,a57837102c474a5db392bca33d537d05
1167,pick up the black bowl next to the plate and place it on the plate,pick up bowl,pick up bowl,True,False,60c70fd5a59e4151a91b2b67e4b9880d
1168,pick up the black bowl next to the plate and place it on the plate,pick up bowl,pick up bowl,True,False,524a361ceecb4c7cb970bc13f7137297
1169,pick up the black bowl next to the plate and place it on the plate,pick up bowl,pick up bowl,True,False,c609f09acf744a1089aee164bfcaba47
1170,pick up the black bowl next to the plate and place it on the plate,pick up bowl,pick up bowl,True,False,f3ca0b87bdba468cbbbc0c8f06a0d243
1171,pick up the black bowl next to the plate and place it on the plate,pick up bowl,pick up bowl,True,False,f2bad81abf9e45ecae09d14c005eb9dc
1172,pick up the black bowl next to the plate and place it on the plate,pick up bowl,pick up bowl,True,False,7567025290b44f5ead30ff0e6454985c
1173,pick up the black bowl next to the plate and place it on the plate,pick up bowl,pick up bowl,True,False,5aeea52a3b47439da284441ab40b25cd
1174,pick up the black bowl next to the plate and place it on the plate,pick up bowl,pick up bowl,True,False,ebbec456f16049ffbe0b77ed7b9d34a2
1175,pick up the black bowl next to the plate and place it on the plate,pick up bowl,pick up bowl,True,False,a9088e1a01104b8b89a462ad61a44a89
1176,pick up the black bowl next to the plate and place it on the plate,pick up bowl,pick up bowl,True,False,271adf02dfa24d09bd6a789a182885de
1177,pick up the black bowl next to the plate and place it on the plate,pick up bowl,pick up bowl,True,False,751ca8e529cc478db869e3dadcac632e
1178,pick up the black bowl next to the plate and place it on the plate,pick up bowl,pick up bowl,True,False,eca90766139d43f69d1d4716fef361db
1179,pick up the black bowl next to the plate and place it on the plate,pick up bowl,pick up bowl,True,False,10ceb5caa8dc4f96a6515bd2a1e2c59b
1180,pick up the black bowl next to the plate and place it on the plate,pick up bowl,pick up bowl,True,False,c095bf412e5b40688c61871559e78ef2
1181,pick up the black bowl next to the plate and place it on the plate,pick up bowl,pick up bowl,True,False,c3278c2931f248e0a0551eb774c953b7
1182,pick up the black bowl next to the plate and place it on the plate,pick up bowl,pick up bowl,True,False,9b5fd13341fa4793b52f0396c4b92920
1183,pick up the black bowl next to the plate and place it on the plate,pick up bowl,pick up bowl,True,False,fad0641806f64cd4a9f1fc416fde0033
1184,pick up the black bowl next to the plate and place it on the plate,pick up bowl,pick up bowl,True,False,4657cbad565740b99d6fc14a30633143
1185,pick up the black bowl next to the plate and place it on the plate,pick up bowl,pick up bowl,True,False,3f74027b65ce44f4a6203716c3d746e2
1186,pick up the black bowl next to the plate and place it on the plate,pick up bowl,pick up bowl,True,False,ac717f53473c47b688b27288433299fa
1187,pick up the black bowl next to the plate and place it on the plate,pick up the large plate,pick up the large plate,True,False,82722399a9204ef684b26e6b5d79922e
1188,pick up the black bowl next to the plate and place it on the plate,pick up bowl,pick up bowl,True,False,b3dcf4035a1d4ef7b4f03a5633c80cc0
1189,pick up the black bowl on the wooden cabinet and place it on the plate,pick up the black bowl,pick up the black bowl,True,False,ed51e86b4e6345ab98152a6905ccfcc6
1190,pick up the black bowl on the wooden cabinet and place it on the plate,pick up the blue bowl,pick up the blue bowl,True,False,5ff061783bf14046857f667a4be227ca
1191,pick up the black bowl on the wooden cabinet and place it on the plate,pick up the blue bowl,pick up the blue bowl,True,False,cf9b377246ad440e9f36420ca41f6bc2
1192,pick up the black bowl on the wooden cabinet and place it on the plate,pick up bowl,pick up bowl,True,False,31607914bbe54b36bea2a6f75c75d9f2
1193,pick up the black bowl on the wooden cabinet and place it on the plate,pick up the blue bowl,pick up the blue bowl,True,False,4e766bfd596f4801bc7815278bcc126b
1194,pick up the black bowl on the wooden cabinet and place it on the plate,pick up the blue bowl,pick up the blue bowl,True,False,ed6a5b4d71d04fde9d8cf0d65401d921
1195,pick up the black bowl on the wooden cabinet and place it on the plate,pick up the black bowl,pick up the black bowl,True,False,71097450e3354be9b9e1637bc027a70c
1196,pick up the black bowl on the wooden cabinet and place it on the plate,pick up the black bowl,pick up the black bowl,True,False,55240ffb48134d188d5a84f71411e9e3
1197,pick up the black bowl on the wooden cabinet and place it on the plate,pick up the black bowl,pick up the black bowl,True,False,bb37418cccd942c09e9b014eb16b5d86
1198,pick up the black bowl on the wooden cabinet and place it on the plate,pick up the black bowl,pick up the black bowl,True,False,9918e1167cfb4d8c98ce4e8216e50fd7
1199,pick up the black bowl on the wooden cabinet and place it on the plate,pick up the black bowl,pick up the black bowl,True,False,d38545f79d174462beef4b03e6d2c803
1200,pick up the black bowl on the wooden cabinet and place it on the plate,pick up the black bowl,pick up the black bowl,True,False,ef759a5f29af4ae992d6463e3e11e4bc
1201,pick up the black bowl on the wooden cabinet and place it on the plate,pick up the black bowl,pick up the black bowl,True,False,6a98f443a7544c11805d2dd01a3123ef
1202,pick up the black bowl on the wooden cabinet and place it on the plate,pick up the black bowl,pick up the black bowl,True,False,a0861329e9e14ee4903c257e41430450
1203,pick up the black bowl on the wooden cabinet and place it on the plate,pick up bowl,pick up bowl,True,False,7338cb46788b4f4c96c2bf88ddda7305
1204,pick up the black bowl on the wooden cabinet and place it on the plate,pick up bowl,pick up bowl,True,False,30294c485b4b4820ab541045c456d301
1205,pick up the black bowl on the wooden cabinet and place it on the plate,pick up the black bowl,pick up the black bowl,True,False,e8afde9e453149dda045c502a55216f5
1206,pick up the black bowl on the wooden cabinet and place it on the plate,pick up the black bowl,pick up the black bowl,True,False,174a44ab9f3d430fa38b403bef7cca27
1207,pick up the black bowl on the wooden cabinet and place it on the plate,pick up the blue bowl,pick up the blue bowl,True,False,3e7d95ace11244778e3ecbe5e68a18e0
1208,pick up the black bowl on the wooden cabinet and place it on the plate,pick up the black bowl,pick up the black bowl,True,False,5100fe8a78e244319e37b4f20e0bbf49
1209,pick up the black bowl on the wooden cabinet and place it on the plate,pick up the black bowl,pick up the black bowl,True,False,24e61f6d0fda42e8ac391df60358bdad
1210,pick up the black bowl on the wooden cabinet and place it on the plate,pick up the black bowl,pick up the black bowl,True,False,7762ac98e9794049bee6adcf78a15cd1
1211,pick up the black bowl on the wooden cabinet and place it on the plate,pick up bowl,pick up bowl,True,False,62f47f064bb34bf5940d8161e47fb8c6
1212,pick up the black bowl on the wooden cabinet and place it on the plate,pick up bowl,pick up bowl,True,False,6ca52981ea864cad91d183653489f733
1213,pick up the black bowl on the wooden cabinet and place it on the plate,pick up the black bowl,pick up the black bowl,True,False,fb25d675899c4ccb963116987e30e7e9
1214,pick up the black bowl on the wooden cabinet and place it on the plate,pick up the black bowl,pick up the black bowl,True,False,435740f1a653424f9ce8a4a8c744b0a0
1215,pick up the black bowl on the wooden cabinet and place it on the plate,pick up the black bowl,pick up the black bowl,True,False,20a0db2b22c3473296426bc67c86e3a7
1216,pick up the black bowl on the wooden cabinet and place it on the plate,pick up bowl,pick up bowl,True,False,3e6d6b8564c14b6bacb353e7b08a20f9
1217,pick up the black bowl on the wooden cabinet and place it on the plate,pick up bowl,pick up bowl,True,False,5777a18babe64354abc0a3a438e7f0e7
1218,pick up the black bowl on the wooden cabinet and place it on the plate,pick up bowl,pick up bowl,True,False,08a167bb06b843fbb94064a1640fd1d7
1219,pick up the black bowl on the wooden cabinet and place it on the plate,pick up bowl,pick up bowl,True,False,69ebf356733f46ba88d42fcbd2678e64
1220,pick up the black bowl on the wooden cabinet and place it on the plate,pick up bowl,pick up bowl,True,False,b36d4bbd093e40acb11730d5cdb89e67
1221,pick up the black bowl on the wooden cabinet and place it on the plate,pick up bowl,pick up bowl,True,False,a6cc6d15ca1c4880a60b5ddb3235c916
1222,pick up the black bowl on the wooden cabinet and place it on the plate,pick up bowl,pick up bowl,True,False,ddfb1655733642a18d95ea9ce6e3c7b0
1223,pick up the black bowl on the wooden cabinet and place it on the plate,pick up bowl,pick up bowl,True,False,e8817a86b131455f9b6616d77b16b430
1224,pick up the black bowl on the wooden cabinet and place it on the plate,pick up bowl,pick up bowl,True,False,a42cd293034046dfb0376b00f6868e73
1225,pick up the black bowl on the wooden cabinet and place it on the plate,pick up the black bowl,pick up the black bowl,True,False,a6e2bc51e90749468803ca7c9e5b6949
1226,pick up the black bowl on the wooden cabinet and place it on the plate,pick up bowl,pick up bowl,True,False,c876222ddc78417eb95a273681d5c4b9
1227,pick up the black bowl on the wooden cabinet and place it on the plate,pick up the black bowl,pick up the black bowl,True,False,ffbebc9c54124a779fafb160f5a6dbc1
1228,pick up the black bowl on the wooden cabinet and place it on the plate,pick up the black bowl,pick up the black bowl,True,False,436e0f5b45b549be855eea16cddedf8a
1229,pick up the black bowl on the wooden cabinet and place it on the plate,pick up bowl,pick up bowl,True,False,cbd473b03f7a456faac84786c1ffa56c
1230,pick up the black bowl on the wooden cabinet and place it on the plate,pick up bowl,pick up bowl,True,False,b09eb75d717041069c1d163f44daed35
1231,pick up the black bowl on the wooden cabinet and place it on the plate,pick up the black bowl,pick up the black bowl,True,False,5219cae7ac104c9ba5d6d809a2aa6da6
1232,pick up the black bowl on the wooden cabinet and place it on the plate,pick up the black bowl,pick up the black bowl,True,False,9367042d95a14bdeaf4e6ff755c5ad53
1233,pick up the black bowl on the wooden cabinet and place it on the plate,pick up bowl,pick up bowl,True,False,e595007fddde49fe9b113fa8ed870920
1234,pick up the black bowl on the wooden cabinet and place it on the plate,pick up bowl,pick up bowl,True,False,f602c5a748dd4ce6b9ec6dfef534ac8c
1235,pick up the black bowl on the wooden cabinet and place it on the plate,pick up bowl,pick up bowl,True,False,a969ed0b65b7435ca58188fd53e70376
1236,pick up the black bowl on the wooden cabinet and place it on the plate,pick up the blue bowl,pick up the blue bowl,True,False,6ab67a6711554158970f7ffffa6268a4
1237,pick up the black bowl on the wooden cabinet and place it on the plate,pick up the black bowl,pick up the black bowl,True,False,def637c5c69340e09e735cf75d88db9b
1238,pick up the black bowl on the wooden cabinet and place it on the plate,pick up the blue bowl,pick up the blue bowl,True,False,cc11d2e8080c434fa6b17670bb3298b2
1239,pick up the black bowl on the wooden cabinet and place it on the plate,pick up the blue plate,pick up the blue plate,True,False,bbe7eac816864d1fb6753cf422977686
1240,pick up the black bowl on the wooden cabinet and place it on the plate,pick up the blue plate,pick up the blue plate,True,False,b663ee5ca31149368f6564999e3df080
1241,pick up the black bowl on the wooden cabinet and place it on the plate,pick up the black bowl,pick up the black bowl,True,False,555a72a4f9284c5f9a6ed8ff482bf788
1242,pick up the black bowl on the wooden cabinet and place it on the plate,pick up the black bowl,pick up the black bowl,True,False,b3b4e063d7ba410da210ffcb93940d86
1243,pick up the black bowl on the wooden cabinet and place it on the plate,pick up bowl,pick up bowl,True,False,6655a389646e4a73928b6764c6a16e99
1244,pick up the black bowl on the wooden cabinet and place it on the plate,pick up the bowl,pick up the bowl,True,False,11860683aca3409fa682e2f0f69a94a6
1245,pick up the black bowl on the wooden cabinet and place it on the plate,pick up bowl,pick up bowl,True,False,242afeae8be447e084b2ba2a7406e2f0
1246,pick up the black bowl on the wooden cabinet and place it on the plate,pick up the large plate,pick up the large plate,True,False,bf2218a50d7f4ba1a7aa9f06500e05fd
1247,pick up the black bowl on the wooden cabinet and place it on the plate,pick up bowl,pick up bowl,True,False,03962a0bc2164fab924be5e445d72463
1248,pick up the black bowl on the wooden cabinet and place it on the plate,pick up bowl,pick up bowl,True,False,194b7036d5604b8b8e9c21abed4e05fa
1249,pick up the black bowl on the wooden cabinet and place it on the plate,pick up bowl,pick up bowl,True,False,c2e78ffd4c4041bcb9527644a85a235b
1250,pick up the black bowl on the wooden cabinet and place it on the plate,pick up bowl,pick up bowl,True,False,553ef8959e09428aaff2e0bd518259b8
1251,pick up the black bowl on the wooden cabinet and place it on the plate,pick up bowl,pick up bowl,True,False,647d872e848a419cac6c3c18ecff4f78
1252,pick up the black bowl on the wooden cabinet and place it on the plate,pick up the blue bowl,pick up the blue bowl,True,False,b005675139ff4c3dab0482598a000e89
1253,pick up the black bowl on the wooden cabinet and place it on the plate,pick up the bowl,pick up the bowl,True,False,f0e689f0552a4d1c9e699844491af135
1254,pick up the black bowl on the wooden cabinet and place it on the plate,pick up the blue bowl,pick up the blue bowl,True,False,1d73cbd29eb644cdbf080d8c88788e55
1255,pick up the black bowl on the wooden cabinet and place it on the plate,pick up the blue bowl,pick up the blue bowl,True,False,81e91b89552a4c4696e4d47745471a27
1256,pick up the black bowl on the wooden cabinet and place it on the plate,pick up the blue bowl,pick up the blue bowl,True,False,1199ed026a0c42489b333881816258e1
1257,pick up the black bowl on the wooden cabinet and place it on the plate,pick up the blue bowl,pick up the blue bowl,True,False,d81d762653e0425d81a88a8a30b62f88
1258,pick up the black bowl on the wooden cabinet and place it on the plate,pick up the blue bowl,pick up the blue bowl,True,False,61af3bccef0947568a54815f454abc84
1259,pick up the black bowl on the wooden cabinet and place it on the plate,pick up the blue bowl,pick up the blue bowl,True,False,72491013e103493d94be104cf98b7c25
1260,pick up the black bowl on the wooden cabinet and place it on the plate,pick up the blue bowl,pick up the blue bowl,True,False,75003b2bb7414433951d48aba5ce1e31
1261,pick up the black bowl on the wooden cabinet and place it on the plate,pick up the blue bowl,pick up the blue bowl,True,False,d607c7941ea94e4984de368fec6234fe
1262,pick up the black bowl on the wooden cabinet and place it on the plate,pick up the blue bowl,pick up the blue bowl,True,False,b8b770cd07d944b6ba0df12566c03bd0
1263,pick up the black bowl on the wooden cabinet and place it on the plate,pick up the blue plate,pick up the blue plate,True,False,db011040e4de47a791a9fe893ac1dee8
1264,pick up the black bowl on the wooden cabinet and place it on the plate,pick up the blue plate,pick up the blue plate,True,False,4a0002fbf8b449419458d9555b6a09de
1265,pick up the black bowl on the wooden cabinet and place it on the plate,pick up the black bowl,pick up the black bowl,True,False,77048ef256df423a8227911e482d0dbf
1266,pick up the black bowl on the wooden cabinet and place it on the plate,pick up the black bowl,pick up the black bowl,True,False,70d7c36b065540c5babfc2a3d725d9f4
1267,pick up the black bowl on the wooden cabinet and place it on the plate,pick up the black bowl,pick up the black bowl,True,False,f47e816fce18454693fabcce70791d4b
1268,pick up the black bowl on the wooden cabinet and place it on the plate,pick up bowl,pick up bowl,True,False,9b1b7fca34a146f3a8508fe222e53b18
1269,pick up the black bowl on the wooden cabinet and place it on the plate,pick up the bowl,pick up the bowl,True,False,07b97c85b03d4d7e9dbaed6a7e45755d
1270,pick up the black bowl on the wooden cabinet and place it on the plate,pick up the bowl,pick up the bowl,True,False,47dbd01b9f8d4a70bc7f389522a99c7f
1271,pick up the black bowl on the wooden cabinet and place it on the plate,pick up the bowl,pick up the bowl,True,False,b863628ed2da4fbbbb27b98804b29573
1272,pick up the black bowl on the wooden cabinet and place it on the plate,pick up the bowl,pick up the bowl,True,False,b24704a8bb3a4805b3acfca9bc1c96cc
1273,pick up the black bowl on the wooden cabinet and place it on the plate,pick up bowl,pick up bowl,True,False,dcfb5b9b47974142840c2346d25f9afa
1274,pick up the black bowl on the wooden cabinet and place it on the plate,pick up the bowl,pick up the bowl,True,False,83ac94059b194c3eb149e70dac3cb1af
1275,pick up the black bowl on the wooden cabinet and place it on the plate,pick up the bowl,pick up the bowl,True,False,f4c82b5d969141efa04bc273b558cef7
1276,pick up the black bowl on the wooden cabinet and place it on the plate,pick up the bowl,pick up the bowl,True,False,66c6c82517cf469cbd38e6272f0314d4
1277,pick up the black bowl on the wooden cabinet and place it on the plate,pick up the black bowl,pick up the black bowl,True,False,0fd009ee6fb048bda6c7f75cf5af042c
1278,pick up the black bowl on the wooden cabinet and place it on the plate,pick up the black bowl,pick up the black bowl,True,False,c6ad4441671f4454886e68117e8ceca3
1279,pick up the black bowl on the wooden cabinet and place it on the plate,pick up bowl,pick up bowl,True,False,bd6f2d53f4bd4e579c45f6a0abf5e934
1280,pick up the black bowl on the wooden cabinet and place it on the plate,pick up bowl,pick up bowl,True,False,3ac5f42a022d4c8dbd5695cc86621ab4
1281,pick up the black bowl on the wooden cabinet and place it on the plate,pick up the large bowl,pick up the large bowl,True,False,65a9880d44604ded9c3dd8dfe466de5d
1282,pick up the black bowl on the wooden cabinet and place it on the plate,pick up the black bowl,pick up the black bowl,True,False,d99fcb4871a0494684a71bcb42a255fd
1283,pick up the black bowl on the wooden cabinet and place it on the plate,pick up the black bowl,pick up the black bowl,True,False,df980453468942cba63e4b67146fb25d
1284,pick up the black bowl on the wooden cabinet and place it on the plate,pick up the black bowl,pick up the black bowl,True,False,c7f080bcbefd43eca8eab89ab4a21582
1285,pick up the black bowl on the wooden cabinet and place it on the plate,pick up the black bowl,pick up the black bowl,True,False,77c6aa3c22b64087b5c530569054dbf7
1286,pick up the black bowl on the wooden cabinet and place it on the plate,pick up the black bowl,pick up the black bowl,True,False,fe7fd9ce55fb4368bf9bcaf7a857b019
1287,pick up the black bowl on the wooden cabinet and place it on the plate,pick up the black bowl,pick up the black bowl,True,False,15a4a25fad2a47578b21ff4437b45a7c
1288,pick up the black bowl on the wooden cabinet and place it on the plate,pick up the black bowl,pick up the black bowl,True,False,73399c9e0446487a83c2085032c80a6a
1289,pick up the black bowl on the wooden cabinet and place it on the plate,pick up the black bowl,pick up the black bowl,True,False,f986613f4c01479aaa160fcd88c459b0
1290,pick up the black bowl on the wooden cabinet and place it on the plate,pick up the black bowl,pick up the black bowl,True,False,a2686173518a46e794ed54278c75db50
1291,pick up the black bowl on the wooden cabinet and place it on the plate,pick up the black bowl,pick up the black bowl,True,False,b1a76527aad2420fa54e6b709c29f9dc
1292,pick up the black bowl on the wooden cabinet and place it on the plate,pick up the black bowl,pick up the black bowl,True,False,4dbda9f4af8644b0a5de0703981e21f8
1293,pick up the black bowl on the wooden cabinet and place it on the plate,pick up the black bowl,pick up the black bowl,True,False,512eb96c0ad044dfb5ffc7419b0fcb3d
1294,pick up the black bowl on the wooden cabinet and place it on the plate,pick up the black bowl,pick up the black bowl,True,False,249cf80a232d4133ad57b265eed451fa
1295,pick up the black bowl on the wooden cabinet and place it on the plate,pick up black bowl,pick up black bowl,True,False,cf0fcf7d69a24270996cf12e97ea15a9
1296,pick up the black bowl on the wooden cabinet and place it on the plate,pick up black bowl,pick up black bowl,True,False,0c8364058dc8465688c63ca958ebcdb6
1297,pick up the black bowl on the wooden cabinet and place it on the plate,pick up bowl,pick up bowl,True,False,93381d48e86e4c788850df8ddee11f2e
1298,pick up the black bowl on the wooden cabinet and place it on the plate,pick up bowl,pick up bowl,True,False,33df57314d30496984d87c583d0b4af8
1299,pick up the black bowl on the wooden cabinet and place it on the plate,pick up the black bowl,pick up the black bowl,True,False,39d5ff18aeb947648be8985fa1a1ee27
1300,pick up the black bowl on the wooden cabinet and place it on the plate,pick up the black bowl,pick up the black bowl,True,False,364b1b19bfe847e9aa2f6fb32f8d9079
1301,pick up the black bowl on the wooden cabinet and place it on the plate,pick up bowl,pick up bowl,True,False,8dea4c473bfa4d0ead09b6beba3787a0
1302,pick up the black bowl on the wooden cabinet and place it on the plate,pick up the black bowl,pick up the black bowl,True,False,47de3a9d24bd41988498553633675fad
1303,pick up the black bowl on the wooden cabinet and place it on the plate,pick up bowl,pick up bowl,True,False,f7117bd4c2144b989b6c2f6d55005286
1304,pick up the black bowl on the wooden cabinet and place it on the plate,pick up bowl,pick up bowl,True,False,e447c5864bb84489907c2ecbb9d632a8
1305,pick up the black bowl on the wooden cabinet and place it on the plate,pick up bowl,pick up bowl,True,False,be8e84d43f6147d3950b3d5762662ff4
1306,pick up the black bowl on the wooden cabinet and place it on the plate,pick up bowl,pick up bowl,True,False,f0d420041bbf4d6292ec059d215ae582
1307,pick up the black bowl on the wooden cabinet and place it on the plate,pick up the large bowl,pick up the large bowl,True,False,95f45a1cd43d4e39945b4ae31850898e
1308,pick up the black bowl on the wooden cabinet and place it on the plate,pick up the black bowl,pick up the black bowl,True,False,8c123a2e3fb44a6885b692aa631f2ea4
1309,pick up the black bowl on the wooden cabinet and place it on the plate,pick up the black bowl,pick up the black bowl,True,False,d032caa19c6f46cfa0238ada5de77092
1310,pick up the black bowl on the wooden cabinet and place it on the plate,pick up the black bowl,pick up the black bowl,True,False,e56fee97ebab463196879b5952ed0201
1311,pick up the black bowl on the wooden cabinet and place it on the plate,pick up the black bowl,pick up the black bowl,True,False,1cdde55489204c0e9fe5bd60ca8e689e
1312,pick up the black bowl on the wooden cabinet and place it on the plate,pick up the black bowl,pick up the black bowl,True,False,7eba584c97d0451a8e7302711b0b1f83
1313,pick up the black bowl on the wooden cabinet and place it on the plate,pick up the black bowl,pick up the black bowl,True,False,49a27749685f496fa30e0f384c7413cc
1314,pick up the black bowl on the wooden cabinet and place it on the plate,pick up the black bowl,pick up the black bowl,True,False,61b9174dcff941ee874d6112cdcf1570
1315,pick up the black bowl on the wooden cabinet and place it on the plate,pick up the black bowl,pick up the black bowl,True,False,d55f5066d4af454a8ff5392be30db9b8
1316,pick up the black bowl on the wooden cabinet and place it on the plate,pick up the blue bowl,pick up the blue bowl,True,False,5ebee2551914457c91286dae94cef67e
1317,pick up the black bowl on the wooden cabinet and place it on the plate,pick up the black bowl,pick up the black bowl,True,False,09b0e9f04d514576ba12db79bc053f09
1318,pick up the black bowl on the wooden cabinet and place it on the plate,pick up the large bowl,pick up the large bowl,True,False,f9ac7f63d5c84101ad2b97408761a66a
1319,pick up the black bowl on the wooden cabinet and place it on the plate,pick up the stainless bowl,pick up the stainless bowl,True,False,9a3355f089db4cd99523391093a501f7
1320,pick up the black bowl on the wooden cabinet and place it on the plate,pick up the black bowl,pick up the black bowl,True,False,54e62bb2ee1e475ca808c18ed7a0f68b
